host,cellular root,domain,clade,kingdom,phylum,subphylum,superclass,class,superorder,order,suborder,infraorder,parvorder,family,genus,species,subfamily,superfamily,infraclass,tribe,subgenus,subspecies,subclass,cohort,species group,subcohort
Tursiops truncatus,cellular organisms,Eukaryota,Boreoeutheria,Metazoa,Chordata,Craniata,Sarcopterygii,Mammalia,Laurasiatheria,Artiodactyla,Whippomorpha,Cetacea,Odontoceti,Delphinidae,Tursiops,Tursiops truncatus,,,,,,,,,,
Zalophus californianus,cellular organisms,Eukaryota,Pinnipedia,Metazoa,Chordata,Craniata,Sarcopterygii,Mammalia,Laurasiatheria,Carnivora,Caniformia,,,Otariidae,Zalophus,Zalophus californianus,,,,,,,,,,
Taphozous melanopogon,cellular organisms,Eukaryota,Boreoeutheria,Metazoa,Chordata,Craniata,Sarcopterygii,Mammalia,Laurasiatheria,Chiroptera,Yangochiroptera,,,Emballonuridae,Taphozous,Taphozous melanopogon,Taphozoinae,,,,,,,,,
Miniopterus magnater,cellular organisms,Eukaryota,Boreoeutheria,Metazoa,Chordata,Craniata,Sarcopterygii,Mammalia,Laurasiatheria,Chiroptera,Yangochiroptera,,,Miniopteridae,Miniopterus,Miniopterus magnater,,,,,,,,,,
Pipistrellus abramus,cellular organisms,Eukaryota,Boreoeutheria,Metazoa,Chordata,Craniata,Sarcopterygii,Mammalia,Laurasiatheria,Chiroptera,Yangochiroptera,,,Vespertilionidae,Pipistrellus,Pipistrellus abramus,,,,,,,,,,
Miniopterus pusillus,cellular organisms,Eukaryota,Boreoeutheria,Metazoa,Chordata,Craniata,Sarcopterygii,Mammalia,Laurasiatheria,Chiroptera,Yangochiroptera,,,Miniopteridae,Miniopterus,Miniopterus pusillus,,,,,,,,,,
Hipposideros pomona,cellular organisms,Eukaryota,Boreoeutheria,Metazoa,Chordata,Craniata,Sarcopterygii,Mammalia,Laurasiatheria,Chiroptera,Yinpterochiroptera,,,Hipposideridae,Hipposideros,Hipposideros pomona,,Rhinolophoidea,,,,,,,,
Budorcas taxicolor tibetana,cellular organisms,Eukaryota,Boreoeutheria,Metazoa,Chordata,Craniata,Sarcopterygii,Mammalia,Laurasiatheria,Artiodactyla,Ruminantia,Pecora,,Bovidae,Budorcas,Budorcas tibetana,Caprinae,,,,,,,,,
Rattus norvegicus,cellular organisms,Eukaryota,Muroidea,Metazoa,Chordata,Craniata,Sarcopterygii,Mammalia,Euarchontoglires,Rodentia,Myomorpha,,,Muridae,Rattus,Rattus norvegicus,Murinae,,,,,,,,,
Homo sapiens,cellular organisms,Eukaryota,Boreoeutheria,Metazoa,Chordata,Craniata,Sarcopterygii,Mammalia,Euarchontoglires,Primates,Haplorrhini,Simiiformes,Catarrhini,Hominidae,Homo,Homo sapiens,Homininae,Hominoidea,,,,,,,,
Chiroptera,cellular organisms,Eukaryota,Boreoeutheria,Metazoa,Chordata,Craniata,Sarcopterygii,Mammalia,Laurasiatheria,Chiroptera,,,,,,,,,,,,,,,,
Sus scrofa,cellular organisms,Eukaryota,Boreoeutheria,Metazoa,Chordata,Craniata,Sarcopterygii,Mammalia,Laurasiatheria,Artiodactyla,Suina,,,Suidae,Sus,Sus scrofa,,,,,,,,,,
Anser,cellular organisms,Eukaryota,Coelurosauria,Metazoa,Chordata,Craniata,Sarcopterygii,Aves,Galloanserae,Anseriformes,,,,Anatidae,Anser,,Anserinae,,Neognathae,,,,,,,
Marmota himalayana,cellular organisms,Eukaryota,Glires,Metazoa,Chordata,Craniata,Sarcopterygii,Mammalia,Euarchontoglires,Rodentia,Sciuromorpha,,,Sciuridae,Marmota,Marmota himalayana,Xerinae,,,Marmotini,,,,,,
Rattus,cellular organisms,Eukaryota,Muroidea,Metazoa,Chordata,Craniata,Sarcopterygii,Mammalia,Euarchontoglires,Rodentia,Myomorpha,,,Muridae,Rattus,,Murinae,,,,,,,,,
Camelus dromedarius,cellular organisms,Eukaryota,Boreoeutheria,Metazoa,Chordata,Craniata,Sarcopterygii,Mammalia,Laurasiatheria,Artiodactyla,Tylopoda,,,Camelidae,Camelus,Camelus dromedarius,,,,,,,,,,
Coracias garrulus,cellular organisms,Eukaryota,Coraciimorphae,Metazoa,Chordata,Craniata,Sarcopterygii,Aves,,Coraciiformes,,,,Coraciidae,Coracias,Coracias garrulus,,,Neognathae,,,,,,,
Oryctolagus cuniculus,cellular organisms,Eukaryota,Glires,Metazoa,Chordata,Craniata,Sarcopterygii,Mammalia,Euarchontoglires,Lagomorpha,,,,Leporidae,Oryctolagus,Oryctolagus cuniculus,,,,,,,,,,
Felis catus,cellular organisms,Eukaryota,Boreoeutheria,Metazoa,Chordata,Craniata,Sarcopterygii,Mammalia,Laurasiatheria,Carnivora,Feliformia,,,Felidae,Felis,Felis catus,Felinae,,,,,,,,,
Bos taurus,cellular organisms,Eukaryota,Boreoeutheria,Metazoa,Chordata,Craniata,Sarcopterygii,Mammalia,Laurasiatheria,Artiodactyla,Ruminantia,Pecora,,Bovidae,Bos,Bos taurus,Bovinae,,,,,,,,,
Mus musculus,cellular organisms,Eukaryota,Muroidea,Metazoa,Chordata,Craniata,Sarcopterygii,Mammalia,Euarchontoglires,Rodentia,Myomorpha,,,Muridae,Mus,Mus musculus,Murinae,,,,Mus,,,,,
Anatidae,cellular organisms,Eukaryota,Coelurosauria,Metazoa,Chordata,Craniata,Sarcopterygii,Aves,Galloanserae,Anseriformes,,,,Anatidae,,,,,Neognathae,,,,,,,
Ovis aries,cellular organisms,Eukaryota,Boreoeutheria,Metazoa,Chordata,Craniata,Sarcopterygii,Mammalia,Laurasiatheria,Artiodactyla,Ruminantia,Pecora,,Bovidae,Ovis,Ovis aries,Caprinae,,,,,,,,,
Meleagris gallopavo,cellular organisms,Eukaryota,Coelurosauria,Metazoa,Chordata,Craniata,Sarcopterygii,Aves,Galloanserae,Galliformes,,,,Phasianidae,Meleagris,Meleagris gallopavo,Meleagridinae,,Neognathae,,,,,,,
Camelus bactrianus,cellular organisms,Eukaryota,Boreoeutheria,Metazoa,Chordata,Craniata,Sarcopterygii,Mammalia,Laurasiatheria,Artiodactyla,Tylopoda,,,Camelidae,Camelus,Camelus bactrianus,,,,,,,,,,
Vulpes vulpes,cellular organisms,Eukaryota,Boreoeutheria,Metazoa,Chordata,Craniata,Sarcopterygii,Mammalia,Laurasiatheria,Carnivora,Caniformia,,,Canidae,Vulpes,Vulpes vulpes,,,,,,,,,,
Canis lupus familiaris,cellular organisms,Eukaryota,Boreoeutheria,Metazoa,Chordata,Craniata,Sarcopterygii,Mammalia,Laurasiatheria,Carnivora,Caniformia,,,Canidae,Canis,Canis lupus,,,,,,Canis lupus familiaris,,,,
Capra hircus,cellular organisms,Eukaryota,Boreoeutheria,Metazoa,Chordata,Craniata,Sarcopterygii,Mammalia,Laurasiatheria,Artiodactyla,Ruminantia,Pecora,,Bovidae,Capra,Capra hircus,Caprinae,,,,,,,,,
Myotis ciliolabrum,cellular organisms,Eukaryota,Boreoeutheria,Metazoa,Chordata,Craniata,Sarcopterygii,Mammalia,Laurasiatheria,Chiroptera,Yangochiroptera,,,Vespertilionidae,Myotis,Myotis ciliolabrum,,,,,,,,,,
Leucogeranus leucogeranus,cellular organisms,Eukaryota,Neoaves,Metazoa,Chordata,Craniata,Sarcopterygii,Aves,,Gruiformes,,,,Gruidae,Leucogeranus,Leucogeranus leucogeranus,,,Neognathae,,,,,,,
Anser sp.,cellular organisms,Eukaryota,Coelurosauria,Metazoa,Chordata,Craniata,Sarcopterygii,Aves,Galloanserae,Anseriformes,,,,Anatidae,Anser,Anser sp.,Anserinae,,Neognathae,,,,,,,
Crocidura dracula,cellular organisms,Eukaryota,Boreoeutheria,Metazoa,Chordata,Craniata,Sarcopterygii,Mammalia,Laurasiatheria,Eulipotyphla,,,,Soricidae,Crocidura,Crocidura dracula,Crocidurinae,,,,,,,,,
Crocidura attenuata,cellular organisms,Eukaryota,Boreoeutheria,Metazoa,Chordata,Craniata,Sarcopterygii,Mammalia,Laurasiatheria,Eulipotyphla,,,,Soricidae,Crocidura,Crocidura attenuata,Crocidurinae,,,,,,,,,
Uropsilus gracilis,cellular organisms,Eukaryota,Boreoeutheria,Metazoa,Chordata,Craniata,Sarcopterygii,Mammalia,Laurasiatheria,Eulipotyphla,,,,Talpidae,Uropsilus,Uropsilus gracilis,,,,,,,,,,
Crocidura suaveolens,cellular organisms,Eukaryota,Boreoeutheria,Metazoa,Chordata,Craniata,Sarcopterygii,Mammalia,Laurasiatheria,Eulipotyphla,,,,Soricidae,Crocidura,Crocidura suaveolens,Crocidurinae,,,,,,,,,
Anourosorex squamipes,cellular organisms,Eukaryota,Boreoeutheria,Metazoa,Chordata,Craniata,Sarcopterygii,Mammalia,Laurasiatheria,Eulipotyphla,,,,Soricidae,Anourosorex,Anourosorex squamipes,Soricinae,,,,,,,,,
Episoriculus caudatus,cellular organisms,Eukaryota,Boreoeutheria,Metazoa,Chordata,Craniata,Sarcopterygii,Mammalia,Laurasiatheria,Eulipotyphla,,,,Soricidae,Episoriculus,Episoriculus caudatus,Soricinae,,,,,,,,,
Suncus murinus,cellular organisms,Eukaryota,Boreoeutheria,Metazoa,Chordata,Craniata,Sarcopterygii,Mammalia,Laurasiatheria,Eulipotyphla,,,,Soricidae,Suncus,Suncus murinus,Crocidurinae,,,,,,,,,
Gallus gallus,cellular organisms,Eukaryota,Coelurosauria,Metazoa,Chordata,Craniata,Sarcopterygii,Aves,Galloanserae,Galliformes,,,,Phasianidae,Gallus,Gallus gallus,Phasianinae,,Neognathae,,,,,,,
Anser anser,cellular organisms,Eukaryota,Coelurosauria,Metazoa,Chordata,Craniata,Sarcopterygii,Aves,Galloanserae,Anseriformes,,,,Anatidae,Anser,Anser anser,Anserinae,,Neognathae,,,,,,,
Sus scrofa domesticus,cellular organisms,Eukaryota,Boreoeutheria,Metazoa,Chordata,Craniata,Sarcopterygii,Mammalia,Laurasiatheria,Artiodactyla,Suina,,,Suidae,Sus,Sus scrofa,,,,,,Sus scrofa domesticus,,,,
Cebus cuscinus,,,,,,,,,,,,,,,,,,,,,,,,,,
Cricetulus longicaudatus,cellular organisms,Eukaryota,Muroidea,Metazoa,Chordata,Craniata,Sarcopterygii,Mammalia,Euarchontoglires,Rodentia,Myomorpha,,,Cricetidae,Cricetulus,Cricetulus longicaudatus,Cricetinae,,,,,,,,,
Ateles chamek,cellular organisms,Eukaryota,Boreoeutheria,Metazoa,Chordata,Craniata,Sarcopterygii,Mammalia,Euarchontoglires,Primates,Haplorrhini,Simiiformes,Platyrrhini,Atelidae,Ateles,Ateles chamek,Atelinae,,,,,,,,,
Aythya fuligula,cellular organisms,Eukaryota,Coelurosauria,Metazoa,Chordata,Craniata,Sarcopterygii,Aves,Galloanserae,Anseriformes,,,,Anatidae,Aythya,Aythya fuligula,Aythyinae,,Neognathae,,,,,,,
Mareca strepera,cellular organisms,Eukaryota,Coelurosauria,Metazoa,Chordata,Craniata,Sarcopterygii,Aves,Galloanserae,Anseriformes,,,,Anatidae,Mareca,Mareca strepera,Anatinae,,Neognathae,,,,,,,
Cairina moschata,cellular organisms,Eukaryota,Coelurosauria,Metazoa,Chordata,Craniata,Sarcopterygii,Aves,Galloanserae,Anseriformes,,,,Anatidae,Cairina,Cairina moschata,Anatinae,,Neognathae,,,,,,,
Phocarctos hookeri,cellular organisms,Eukaryota,Pinnipedia,Metazoa,Chordata,Craniata,Sarcopterygii,Mammalia,Laurasiatheria,Carnivora,Caniformia,,,Otariidae,Phocarctos,Phocarctos hookeri,,,,,,,,,,
Miniopterus fraterculus,cellular organisms,Eukaryota,Boreoeutheria,Metazoa,Chordata,Craniata,Sarcopterygii,Mammalia,Laurasiatheria,Chiroptera,Yangochiroptera,,,Miniopteridae,Miniopterus,Miniopterus fraterculus,,,,,,,,,,
Scotophilus dinganii,cellular organisms,Eukaryota,Boreoeutheria,Metazoa,Chordata,Craniata,Sarcopterygii,Mammalia,Laurasiatheria,Chiroptera,Yangochiroptera,,,Vespertilionidae,Scotophilus,Scotophilus dinganii,,,,,,,,,,
Rattus tanezumi,cellular organisms,Eukaryota,Muroidea,Metazoa,Chordata,Craniata,Sarcopterygii,Mammalia,Euarchontoglires,Rodentia,Myomorpha,,,Muridae,Rattus,Rattus tanezumi,Murinae,,,,,,,,,
Neogale vison,cellular organisms,Eukaryota,Boreoeutheria,Metazoa,Chordata,Craniata,Sarcopterygii,Mammalia,Laurasiatheria,Carnivora,Caniformia,,,Mustelidae,Neogale,Neogale vison,Mustelinae,Musteloidea,,,,,,,,
Lophuromys chrysopus,cellular organisms,Eukaryota,Muroidea,Metazoa,Chordata,Craniata,Sarcopterygii,Mammalia,Euarchontoglires,Rodentia,Myomorpha,,,Muridae,Lophuromys,Lophuromys chrysopus,Deomyinae,,,,,,,,,
Mastomys erythroleucus,cellular organisms,Eukaryota,Muroidea,Metazoa,Chordata,Craniata,Sarcopterygii,Mammalia,Euarchontoglires,Rodentia,Myomorpha,,,Muridae,Mastomys,Mastomys erythroleucus,Murinae,,,,,,,,,
Miniopterus inflatus,cellular organisms,Eukaryota,Boreoeutheria,Metazoa,Chordata,Craniata,Sarcopterygii,Mammalia,Laurasiatheria,Chiroptera,Yangochiroptera,,,Miniopteridae,Miniopterus,Miniopterus inflatus,,,,,,,,,,
Mus setulosus,cellular organisms,Eukaryota,Muroidea,Metazoa,Chordata,Craniata,Sarcopterygii,Mammalia,Euarchontoglires,Rodentia,Myomorpha,,,Muridae,Mus,Mus setulosus,Murinae,,,,Nannomys,,,,,
Praomys rostratus,cellular organisms,Eukaryota,Muroidea,Metazoa,Chordata,Craniata,Sarcopterygii,Mammalia,Euarchontoglires,Rodentia,Myomorpha,,,Muridae,Praomys,Praomys rostratus,Murinae,,,,,,,,,
Rattus rattus,cellular organisms,Eukaryota,Muroidea,Metazoa,Chordata,Craniata,Sarcopterygii,Mammalia,Euarchontoglires,Rodentia,Myomorpha,,,Muridae,Rattus,Rattus rattus,Murinae,,,,,,,,,
Corvus cornix,cellular organisms,Eukaryota,Australaves,Metazoa,Chordata,Craniata,Sarcopterygii,Aves,,Passeriformes,,,,Corvidae,Corvus,Corvus cornix,,Corvoidea,Neognathae,,,,,,,
Passer montanus,cellular organisms,Eukaryota,Australaves,Metazoa,Chordata,Craniata,Sarcopterygii,Aves,,Passeriformes,,,,Passeridae,Passer,Passer montanus,,Passeroidea,Neognathae,,,,,,,
Corvus frugilegus,cellular organisms,Eukaryota,Australaves,Metazoa,Chordata,Craniata,Sarcopterygii,Aves,,Passeriformes,,,,Corvidae,Corvus,Corvus frugilegus,,Corvoidea,Neognathae,,,,,,,
Hemidactylus frenatus,cellular organisms,Eukaryota,Bifurcata,Metazoa,Chordata,Craniata,Sarcopterygii,Lepidosauria,,Squamata,,Gekkota,,Gekkonidae,Hemidactylus,Hemidactylus frenatus,Gekkoninae,,,,,,,,,
Gekko chinensis,cellular organisms,Eukaryota,Bifurcata,Metazoa,Chordata,Craniata,Sarcopterygii,Lepidosauria,,Squamata,,Gekkota,,Gekkonidae,Gekko,Gekko chinensis,Gekkoninae,,,,,,,,,
Mormopterus francoismoutoui,cellular organisms,Eukaryota,Boreoeutheria,Metazoa,Chordata,Craniata,Sarcopterygii,Mammalia,Laurasiatheria,Chiroptera,Yangochiroptera,,,Molossidae,Mormopterus,Mormopterus francoismoutoui,,,,,,,,,,
Columba livia,cellular organisms,Eukaryota,Columbimorphae,Metazoa,Chordata,Craniata,Sarcopterygii,Aves,,Columbiformes,,,,Columbidae,Columba,Columba livia,,,Neognathae,,,,,,,
Nyctereutes procyonoides,cellular organisms,Eukaryota,Boreoeutheria,Metazoa,Chordata,Craniata,Sarcopterygii,Mammalia,Laurasiatheria,Carnivora,Caniformia,,,Canidae,Nyctereutes,Nyctereutes procyonoides,,,,,,,,,,
Miniopterus fuliginosus,cellular organisms,Eukaryota,Boreoeutheria,Metazoa,Chordata,Craniata,Sarcopterygii,Mammalia,Laurasiatheria,Chiroptera,Yangochiroptera,,,Miniopteridae,Miniopterus,Miniopterus fuliginosus,,,,,,,,,,
Rhinolophus ferrumequinum,cellular organisms,Eukaryota,Boreoeutheria,Metazoa,Chordata,Craniata,Sarcopterygii,Mammalia,Laurasiatheria,Chiroptera,Yinpterochiroptera,,,Rhinolophidae,Rhinolophus,Rhinolophus ferrumequinum,Rhinolophinae,Rhinolophoidea,,,,,,,,
Myotis macrodactylus,cellular organisms,Eukaryota,Boreoeutheria,Metazoa,Chordata,Craniata,Sarcopterygii,Mammalia,Laurasiatheria,Chiroptera,Yangochiroptera,,,Vespertilionidae,Myotis,Myotis macrodactylus,,,,,,,,,,
Anas platyrhynchos,cellular organisms,Eukaryota,Coelurosauria,Metazoa,Chordata,Craniata,Sarcopterygii,Aves,Galloanserae,Anseriformes,,,,Anatidae,Anas,Anas platyrhynchos,Anatinae,,Neognathae,,,,,,,
Urva auropunctata,cellular organisms,Eukaryota,Boreoeutheria,Metazoa,Chordata,Craniata,Sarcopterygii,Mammalia,Laurasiatheria,Carnivora,Feliformia,,,Herpestidae,Urva,Urva auropunctata,,,,,,,,,,
Mareca falcata,cellular organisms,Eukaryota,Coelurosauria,Metazoa,Chordata,Craniata,Sarcopterygii,Aves,Galloanserae,Anseriformes,,,,Anatidae,Mareca,Mareca falcata,Anatinae,,Neognathae,,,,,,,
Eidolon dupreanum,cellular organisms,Eukaryota,Boreoeutheria,Metazoa,Chordata,Craniata,Sarcopterygii,Mammalia,Laurasiatheria,Chiroptera,Yinpterochiroptera,,,Pteropodidae,Eidolon,Eidolon dupreanum,Pteropodinae,Pteropodoidea,,,,,,,,
Rousettus madagascariensis,cellular organisms,Eukaryota,Boreoeutheria,Metazoa,Chordata,Craniata,Sarcopterygii,Mammalia,Laurasiatheria,Chiroptera,Yinpterochiroptera,,,Pteropodidae,Rousettus,Rousettus madagascariensis,Rousettinae,Pteropodoidea,,,,,,,,
Nyctalus noctula,cellular organisms,Eukaryota,Boreoeutheria,Metazoa,Chordata,Craniata,Sarcopterygii,Mammalia,Laurasiatheria,Chiroptera,Yangochiroptera,,,Vespertilionidae,Nyctalus,Nyctalus noctula,,,,,,,,,,
Coleura afra,cellular organisms,Eukaryota,Boreoeutheria,Metazoa,Chordata,Craniata,Sarcopterygii,Mammalia,Laurasiatheria,Chiroptera,Yangochiroptera,,,Emballonuridae,Coleura,Coleura afra,Emballonurinae,,,,,,,,,
Mops condylurus,cellular organisms,Eukaryota,Boreoeutheria,Metazoa,Chordata,Craniata,Sarcopterygii,Mammalia,Laurasiatheria,Chiroptera,Yangochiroptera,,,Molossidae,Mops,Mops condylurus,,,,,,,,,,
Cardioderma cor,cellular organisms,Eukaryota,Boreoeutheria,Metazoa,Chordata,Craniata,Sarcopterygii,Mammalia,Laurasiatheria,Chiroptera,Yinpterochiroptera,,,Megadermatidae,Cardioderma,Cardioderma cor,,Rhinolophoidea,,,,,,,,
Miniopterus sp. clade 10 TD-2020,cellular organisms,Eukaryota,Boreoeutheria,Metazoa,Chordata,Craniata,Sarcopterygii,Mammalia,Laurasiatheria,Chiroptera,Yangochiroptera,,,Miniopteridae,Miniopterus,Miniopterus sp. clade 10 TD-2020,,,,,,,,,,
Hipposideros caffer,cellular organisms,Eukaryota,Boreoeutheria,Metazoa,Chordata,Craniata,Sarcopterygii,Mammalia,Laurasiatheria,Chiroptera,Yinpterochiroptera,,,Hipposideridae,Hipposideros,Hipposideros caffer,,Rhinolophoidea,,,,,,,,
Miniopterus sp. clade 1 TD-2020,cellular organisms,Eukaryota,Boreoeutheria,Metazoa,Chordata,Craniata,Sarcopterygii,Mammalia,Laurasiatheria,Chiroptera,Yangochiroptera,,,Miniopteridae,Miniopterus,Miniopterus sp. clade 1 TD-2020,,,,,,,,,,
Rousettus aegyptiacus,cellular organisms,Eukaryota,Boreoeutheria,Metazoa,Chordata,Craniata,Sarcopterygii,Mammalia,Laurasiatheria,Chiroptera,Yinpterochiroptera,,,Pteropodidae,Rousettus,Rousettus aegyptiacus,Rousettinae,Pteropodoidea,,,,,,,,
Miniopterus sp. B76,cellular organisms,Eukaryota,Boreoeutheria,Metazoa,Chordata,Craniata,Sarcopterygii,Mammalia,Laurasiatheria,Chiroptera,Yangochiroptera,,,Miniopteridae,Miniopterus,Miniopterus sp. B76,,,,,,,,,,
Miniopterus minor,cellular organisms,Eukaryota,Boreoeutheria,Metazoa,Chordata,Craniata,Sarcopterygii,Mammalia,Laurasiatheria,Chiroptera,Yangochiroptera,,,Miniopteridae,Miniopterus,Miniopterus minor,,,,,,,,,,
Aethomys hindei,cellular organisms,Eukaryota,Muroidea,Metazoa,Chordata,Craniata,Sarcopterygii,Mammalia,Euarchontoglires,Rodentia,Myomorpha,,,Muridae,Aethomys,Aethomys hindei,Murinae,,,,,,,,,
Miniopterus schreibersii,cellular organisms,Eukaryota,Boreoeutheria,Metazoa,Chordata,Craniata,Sarcopterygii,Mammalia,Laurasiatheria,Chiroptera,Yangochiroptera,,,Miniopteridae,Miniopterus,Miniopterus schreibersii,,,,,,,,,,
Myotis ricketti,cellular organisms,Eukaryota,Boreoeutheria,Metazoa,Chordata,Craniata,Sarcopterygii,Mammalia,Laurasiatheria,Chiroptera,Yangochiroptera,,,Vespertilionidae,Myotis,Myotis pilosus,,,,,,,,,,
Eptesicus pachyomus,cellular organisms,Eukaryota,Boreoeutheria,Metazoa,Chordata,Craniata,Sarcopterygii,Mammalia,Laurasiatheria,Chiroptera,Yangochiroptera,,,Vespertilionidae,Cnephaeus,Cnephaeus pachyomus,,,,,,,,,,
Tylonycteris robustula,cellular organisms,Eukaryota,Boreoeutheria,Metazoa,Chordata,Craniata,Sarcopterygii,Mammalia,Laurasiatheria,Chiroptera,Yangochiroptera,,,Vespertilionidae,Tylonycteris,Tylonycteris robustula,,,,,,,,,,
Scotophilus kuhlii,cellular organisms,Eukaryota,Boreoeutheria,Metazoa,Chordata,Craniata,Sarcopterygii,Mammalia,Laurasiatheria,Chiroptera,Yangochiroptera,,,Vespertilionidae,Scotophilus,Scotophilus kuhlii,,,,,,,,,,
Rhinolophus pusillus,cellular organisms,Eukaryota,Boreoeutheria,Metazoa,Chordata,Craniata,Sarcopterygii,Mammalia,Laurasiatheria,Chiroptera,Yinpterochiroptera,,,Rhinolophidae,Rhinolophus,Rhinolophus pusillus,Rhinolophinae,Rhinolophoidea,,,,,,,,
Nyctalus plancyi,cellular organisms,Eukaryota,Boreoeutheria,Metazoa,Chordata,Craniata,Sarcopterygii,Mammalia,Laurasiatheria,Chiroptera,Yangochiroptera,,,Vespertilionidae,Nyctalus,Nyctalus plancyi,,,,,,,,,,
Betta splendens,cellular organisms,Eukaryota,Anabantaria,Metazoa,Chordata,Craniata,Actinopterygii,Actinopteri,,Anabantiformes,Anabantoidei,,,Osphronemidae,Betta,Betta splendens,Macropodinae,,Teleostei,,,,Neopterygii,Euteleosteomorpha,,
Myotis chinensis,cellular organisms,Eukaryota,Boreoeutheria,Metazoa,Chordata,Craniata,Sarcopterygii,Mammalia,Laurasiatheria,Chiroptera,Yangochiroptera,,,Vespertilionidae,Myotis,Myotis chinensis,,,,,,,,,,
Rhinolophus affinis,cellular organisms,Eukaryota,Boreoeutheria,Metazoa,Chordata,Craniata,Sarcopterygii,Mammalia,Laurasiatheria,Chiroptera,Yinpterochiroptera,,,Rhinolophidae,Rhinolophus,Rhinolophus affinis,Rhinolophinae,Rhinolophoidea,,,,,,,,
Chiroptera sp.,,,,,,,,,,,,,,,,,,,,,,,,,,
Rhinolophus sinicus,cellular organisms,Eukaryota,Boreoeutheria,Metazoa,Chordata,Craniata,Sarcopterygii,Mammalia,Laurasiatheria,Chiroptera,Yinpterochiroptera,,,Rhinolophidae,Rhinolophus,Rhinolophus sinicus,Rhinolophinae,Rhinolophoidea,,,,,,,,
Tylonycteris pachypus,cellular organisms,Eukaryota,Boreoeutheria,Metazoa,Chordata,Craniata,Sarcopterygii,Mammalia,Laurasiatheria,Chiroptera,Yangochiroptera,,,Vespertilionidae,Tylonycteris,Tylonycteris pachypus,,,,,,,,,,
Hipposideros larvatus,cellular organisms,Eukaryota,Boreoeutheria,Metazoa,Chordata,Craniata,Sarcopterygii,Mammalia,Laurasiatheria,Chiroptera,Yinpterochiroptera,,,Hipposideridae,Hipposideros,Hipposideros larvatus,,Rhinolophoidea,,,,,,,Hipposideros larvatus sensu lato,
Chondrichthyes,cellular organisms,Eukaryota,Gnathostomata,Metazoa,Chordata,Craniata,,Chondrichthyes,,,,,,,,,,,,,,,,,,
Myotis siligorensis,cellular organisms,Eukaryota,Boreoeutheria,Metazoa,Chordata,Craniata,Sarcopterygii,Mammalia,Laurasiatheria,Chiroptera,Yangochiroptera,,,Vespertilionidae,Myotis,Myotis siligorensis,,,,,,,,,,
Myotis adversus,cellular organisms,Eukaryota,Boreoeutheria,Metazoa,Chordata,Craniata,Sarcopterygii,Mammalia,Laurasiatheria,Chiroptera,Yangochiroptera,,,Vespertilionidae,Myotis,Myotis adversus,,,,,,,,,,
Rousettus leschenaultii,cellular organisms,Eukaryota,Boreoeutheria,Metazoa,Chordata,Craniata,Sarcopterygii,Mammalia,Laurasiatheria,Chiroptera,Yinpterochiroptera,,,Pteropodidae,Rousettus,Rousettus leschenaultii,Rousettinae,Pteropodoidea,,,,,,,,
Myotis laniger,cellular organisms,Eukaryota,Boreoeutheria,Metazoa,Chordata,Craniata,Sarcopterygii,Mammalia,Laurasiatheria,Chiroptera,Yangochiroptera,,,Vespertilionidae,Myotis,Myotis laniger,,,,,,,,,,
Taphozous sp.,cellular organisms,Eukaryota,Boreoeutheria,Metazoa,Chordata,Craniata,Sarcopterygii,Mammalia,Laurasiatheria,Chiroptera,Yangochiroptera,,,Emballonuridae,Taphozous,Taphozous sp.,Taphozoinae,,,,,,,,,
Hipposideros,cellular organisms,Eukaryota,Boreoeutheria,Metazoa,Chordata,Craniata,Sarcopterygii,Mammalia,Laurasiatheria,Chiroptera,Yinpterochiroptera,,,Hipposideridae,Hipposideros,,,Rhinolophoidea,,,,,,,,
Myotis sp.,cellular organisms,Eukaryota,Boreoeutheria,Metazoa,Chordata,Craniata,Sarcopterygii,Mammalia,Laurasiatheria,Chiroptera,Yangochiroptera,,,Vespertilionidae,Myotis,Myotis sp.,,,,,,,,,,
Oligosoma aeneum,cellular organisms,Eukaryota,Unidentata,Metazoa,Chordata,Craniata,Sarcopterygii,Lepidosauria,,Squamata,,Scinciformata,,Scincidae,Oligosoma,Oligosoma aeneum,Eugongylinae,,,,,,,,,
Woodworthia maculata,cellular organisms,Eukaryota,Bifurcata,Metazoa,Chordata,Craniata,Sarcopterygii,Lepidosauria,,Squamata,,Gekkota,,Diplodactylidae,Woodworthia,Woodworthia maculata,,Pygopoidea,,,,,,,,
Microgale brevicaudata,cellular organisms,Eukaryota,Eutheria,Metazoa,Chordata,Craniata,Sarcopterygii,Mammalia,Afrotheria,Afrosoricida,,,,Tenrecidae,Microgale,Microgale brevicaudata,Oryzorictinae,,,,,,,,,
Columba,cellular organisms,Eukaryota,Columbimorphae,Metazoa,Chordata,Craniata,Sarcopterygii,Aves,,Columbiformes,,,,Columbidae,Columba,,,,Neognathae,,,,,,,
Dicentrarchus labrax,cellular organisms,Eukaryota,Eupercaria,Metazoa,Chordata,Craniata,Actinopterygii,Actinopteri,,,,,,Moronidae,Dicentrarchus,Dicentrarchus labrax,,,Teleostei,,,,Neopterygii,Euteleosteomorpha,,
Chroicocephalus ridibundus,cellular organisms,Eukaryota,Neoaves,Metazoa,Chordata,Craniata,Sarcopterygii,Aves,,Charadriiformes,,,,Laridae,Chroicocephalus,Chroicocephalus ridibundus,,,Neognathae,,,,,,,
Hierococcyx sparverioides,cellular organisms,Eukaryota,Otidimorphae,Metazoa,Chordata,Craniata,Sarcopterygii,Aves,,Cuculiformes,,,,Cuculidae,Hierococcyx,Hierococcyx sparverioides,,,Neognathae,,,,,,,
Rattus nitidus,cellular organisms,Eukaryota,Muroidea,Metazoa,Chordata,Craniata,Sarcopterygii,Mammalia,Euarchontoglires,Rodentia,Myomorpha,,,Muridae,Rattus,Rattus nitidus,Murinae,,,,,,,,,
Turdus dissimilis,cellular organisms,Eukaryota,Australaves,Metazoa,Chordata,Craniata,Sarcopterygii,Aves,,Passeriformes,,,,Turdidae,Turdus,Turdus dissimilis,,,Neognathae,,,,,,,
Chalinolobus tuberculatus,cellular organisms,Eukaryota,Boreoeutheria,Metazoa,Chordata,Craniata,Sarcopterygii,Mammalia,Laurasiatheria,Chiroptera,Yangochiroptera,,,Vespertilionidae,Chalinolobus,Chalinolobus tuberculatus,,,,,,,,,,
Rhinolophus pearsonii,cellular organisms,Eukaryota,Boreoeutheria,Metazoa,Chordata,Craniata,Sarcopterygii,Mammalia,Laurasiatheria,Chiroptera,Yinpterochiroptera,,,Rhinolophidae,Rhinolophus,Rhinolophus pearsonii,Rhinolophinae,Rhinolophoidea,,,,,,,,
Pipistrellus pipistrellus,cellular organisms,Eukaryota,Boreoeutheria,Metazoa,Chordata,Craniata,Sarcopterygii,Mammalia,Laurasiatheria,Chiroptera,Yangochiroptera,,,Vespertilionidae,Pipistrellus,Pipistrellus pipistrellus,,,,,,,,,,
Hipposideros armiger,cellular organisms,Eukaryota,Boreoeutheria,Metazoa,Chordata,Craniata,Sarcopterygii,Mammalia,Laurasiatheria,Chiroptera,Yinpterochiroptera,,,Hipposideridae,Hipposideros,Hipposideros armiger,,Rhinolophoidea,,,,,,,,
Vespertilio sinensis,cellular organisms,Eukaryota,Boreoeutheria,Metazoa,Chordata,Craniata,Sarcopterygii,Mammalia,Laurasiatheria,Chiroptera,Yangochiroptera,,,Vespertilionidae,Vespertilio,Vespertilio sinensis,,,,,,,,,,
Rhinolophus sp.,cellular organisms,Eukaryota,Boreoeutheria,Metazoa,Chordata,Craniata,Sarcopterygii,Mammalia,Laurasiatheria,Chiroptera,Yinpterochiroptera,,,Rhinolophidae,Rhinolophus,Rhinolophus sp.,Rhinolophinae,Rhinolophoidea,,,,,,,,
Phasianus colchicus,cellular organisms,Eukaryota,Coelurosauria,Metazoa,Chordata,Craniata,Sarcopterygii,Aves,Galloanserae,Galliformes,,,,Phasianidae,Phasianus,Phasianus colchicus,Phasianinae,,Neognathae,,,,,,,
Streptopelia orientalis,cellular organisms,Eukaryota,Columbimorphae,Metazoa,Chordata,Craniata,Sarcopterygii,Aves,,Columbiformes,,,,Columbidae,Streptopelia,Streptopelia orientalis,,,Neognathae,,,,,,,
Anas crecca,cellular organisms,Eukaryota,Coelurosauria,Metazoa,Chordata,Craniata,Sarcopterygii,Aves,Galloanserae,Anseriformes,,,,Anatidae,Anas,Anas crecca,Anatinae,,Neognathae,,,,,,,
Aythya marila,cellular organisms,Eukaryota,Coelurosauria,Metazoa,Chordata,Craniata,Sarcopterygii,Aves,Galloanserae,Anseriformes,,,,Anatidae,Aythya,Aythya marila,Aythyinae,,Neognathae,,,,,,,
Anas acuta,cellular organisms,Eukaryota,Coelurosauria,Metazoa,Chordata,Craniata,Sarcopterygii,Aves,Galloanserae,Anseriformes,,,,Anatidae,Anas,Anas acuta,Anatinae,,Neognathae,,,,,,,
Mustela putorius furo,cellular organisms,Eukaryota,Boreoeutheria,Metazoa,Chordata,Craniata,Sarcopterygii,Mammalia,Laurasiatheria,Carnivora,Caniformia,,,Mustelidae,Mustela,Mustela putorius,Mustelinae,Musteloidea,,,,Mustela putorius furo,,,,
Hipposideros pratti,cellular organisms,Eukaryota,Boreoeutheria,Metazoa,Chordata,Craniata,Sarcopterygii,Mammalia,Laurasiatheria,Chiroptera,Yinpterochiroptera,,,Hipposideridae,Hipposideros,Hipposideros pratti,,Rhinolophoidea,,,,,,,,
Myotis davidii,cellular organisms,Eukaryota,Boreoeutheria,Metazoa,Chordata,Craniata,Sarcopterygii,Mammalia,Laurasiatheria,Chiroptera,Yangochiroptera,,,Vespertilionidae,Myotis,Myotis davidii,,,,,,,,,,
Berylmys bowersi,cellular organisms,Eukaryota,Muroidea,Metazoa,Chordata,Craniata,Sarcopterygii,Mammalia,Euarchontoglires,Rodentia,Myomorpha,,,Muridae,Berylmys,Berylmys bowersi,Murinae,,,,,,,,,
Rattus losea,cellular organisms,Eukaryota,Muroidea,Metazoa,Chordata,Craniata,Sarcopterygii,Mammalia,Euarchontoglires,Rodentia,Myomorpha,,,Muridae,Rattus,Rattus losea,Murinae,,,,,,,,,
Crocidura shantungensis,cellular organisms,Eukaryota,Boreoeutheria,Metazoa,Chordata,Craniata,Sarcopterygii,Mammalia,Laurasiatheria,Eulipotyphla,,,,Soricidae,Crocidura,Crocidura shantungensis,Crocidurinae,,,,,,,,,
Apodemus agrarius,cellular organisms,Eukaryota,Muroidea,Metazoa,Chordata,Craniata,Sarcopterygii,Mammalia,Euarchontoglires,Rodentia,Myomorpha,,,Muridae,Apodemus,Apodemus agrarius,Murinae,,,,,,,,,
Niviventer fulvescens,cellular organisms,Eukaryota,Muroidea,Metazoa,Chordata,Craniata,Sarcopterygii,Mammalia,Euarchontoglires,Rodentia,Myomorpha,,,Muridae,Niviventer,Niviventer fulvescens,Murinae,,,,,,,,,
Leopoldamys edwardsi,cellular organisms,Eukaryota,Muroidea,Metazoa,Chordata,Craniata,Sarcopterygii,Mammalia,Euarchontoglires,Rodentia,Myomorpha,,,Muridae,Leopoldamys,Leopoldamys edwardsi,Murinae,,,,,,,,,
Niviventer niviventer,cellular organisms,Eukaryota,Muroidea,Metazoa,Chordata,Craniata,Sarcopterygii,Mammalia,Euarchontoglires,Rodentia,Myomorpha,,,Muridae,Niviventer,Niviventer niviventer,Murinae,,,,,,,,,
Hypsugo pulveratus,cellular organisms,Eukaryota,Boreoeutheria,Metazoa,Chordata,Craniata,Sarcopterygii,Mammalia,Laurasiatheria,Chiroptera,Yangochiroptera,,,Vespertilionidae,Hypsugo,Hypsugo pulveratus,,,,,,,,,,
Typhlomys cinereus,cellular organisms,Eukaryota,Muroidea,Metazoa,Chordata,Craniata,Sarcopterygii,Mammalia,Euarchontoglires,Rodentia,Myomorpha,,,Platacanthomyidae,Typhlomys,Typhlomys cinereus,,,,,,,,,,
Chodsigoa smithii,cellular organisms,Eukaryota,Boreoeutheria,Metazoa,Chordata,Craniata,Sarcopterygii,Mammalia,Laurasiatheria,Eulipotyphla,,,,Soricidae,Chodsigoa,Chodsigoa smithii,Soricinae,,,,,,,,,
Bos mutus,cellular organisms,Eukaryota,Boreoeutheria,Metazoa,Chordata,Craniata,Sarcopterygii,Mammalia,Laurasiatheria,Artiodactyla,Ruminantia,Pecora,,Bovidae,Bos,Bos mutus,Bovinae,,,,,,,,,
Rhinolophus,cellular organisms,Eukaryota,Boreoeutheria,Metazoa,Chordata,Craniata,Sarcopterygii,Mammalia,Laurasiatheria,Chiroptera,Yinpterochiroptera,,,Rhinolophidae,Rhinolophus,,Rhinolophinae,Rhinolophoidea,,,,,,,,
Nycteris,cellular organisms,Eukaryota,Boreoeutheria,Metazoa,Chordata,Craniata,Sarcopterygii,Mammalia,Laurasiatheria,Chiroptera,Yangochiroptera,,,Nycteridae,Nycteris,,,,,,,,,,,
Miniopterus,cellular organisms,Eukaryota,Boreoeutheria,Metazoa,Chordata,Craniata,Sarcopterygii,Mammalia,Laurasiatheria,Chiroptera,Yangochiroptera,,,Miniopteridae,Miniopterus,,,,,,,,,,,
Eidolon helvum,cellular organisms,Eukaryota,Boreoeutheria,Metazoa,Chordata,Craniata,Sarcopterygii,Mammalia,Laurasiatheria,Chiroptera,Yinpterochiroptera,,,Pteropodidae,Eidolon,Eidolon helvum,Pteropodinae,Pteropodoidea,,,,,,,,
Panthera tigris altaica,cellular organisms,Eukaryota,Boreoeutheria,Metazoa,Chordata,Craniata,Sarcopterygii,Mammalia,Laurasiatheria,Carnivora,Feliformia,,,Felidae,Panthera,Panthera tigris,Pantherinae,,,,,Panthera tigris altaica,,,,
Neolamprologus tetracanthus,cellular organisms,Eukaryota,African cichlids,Metazoa,Chordata,Craniata,Actinopterygii,Actinopteri,Cichlomorphae,Cichliformes,,,,Cichlidae,Neolamprologus,Neolamprologus tetracanthus,Pseudocrenilabrinae,,Teleostei,Lamprologini,,,Neopterygii,Euteleosteomorpha,,
Xenotilapia boulengeri,cellular organisms,Eukaryota,African cichlids,Metazoa,Chordata,Craniata,Actinopterygii,Actinopteri,Cichlomorphae,Cichliformes,,,,Cichlidae,Xenotilapia,Xenotilapia boulengeri,Pseudocrenilabrinae,,Teleostei,Ectodini,,,Neopterygii,Euteleosteomorpha,,
Enantiopus melanogenys,cellular organisms,Eukaryota,African cichlids,Metazoa,Chordata,Craniata,Actinopterygii,Actinopteri,Cichlomorphae,Cichliformes,,,,Cichlidae,Xenotilapia,Xenotilapia melanogenys,Pseudocrenilabrinae,,Teleostei,Ectodini,,,Neopterygii,Euteleosteomorpha,,
Neolamprologus brevis,cellular organisms,Eukaryota,African cichlids,Metazoa,Chordata,Craniata,Actinopterygii,Actinopteri,Cichlomorphae,Cichliformes,,,,Cichlidae,Neolamprologus,Neolamprologus brevis,Pseudocrenilabrinae,,Teleostei,Lamprologini,,,Neopterygii,Euteleosteomorpha,,
Petrochromis famula,cellular organisms,Eukaryota,African cichlids,Metazoa,Chordata,Craniata,Actinopterygii,Actinopteri,Cichlomorphae,Cichliformes,,,,Cichlidae,Petrochromis,Petrochromis famula,Pseudocrenilabrinae,,Teleostei,Tropheini,,,Neopterygii,Euteleosteomorpha,,
Xenotilapia nasus,cellular organisms,Eukaryota,African cichlids,Metazoa,Chordata,Craniata,Actinopterygii,Actinopteri,Cichlomorphae,Cichliformes,,,,Cichlidae,Xenotilapia,Xenotilapia nasus,Pseudocrenilabrinae,,Teleostei,Ectodini,,,Neopterygii,Euteleosteomorpha,,
Benthochromis horii,cellular organisms,Eukaryota,African cichlids,Metazoa,Chordata,Craniata,Actinopterygii,Actinopteri,Cichlomorphae,Cichliformes,,,,Cichlidae,Benthochromis,Benthochromis horii,Pseudocrenilabrinae,,Teleostei,Benthochromini,,,Neopterygii,Euteleosteomorpha,,
Limnochromis auritus,cellular organisms,Eukaryota,African cichlids,Metazoa,Chordata,Craniata,Actinopterygii,Actinopteri,Cichlomorphae,Cichliformes,,,,Cichlidae,Limnochromis,Limnochromis auritus,Pseudocrenilabrinae,,Teleostei,Limnochromini,,,Neopterygii,Euteleosteomorpha,,
Lamprologus kungweensis,cellular organisms,Eukaryota,African cichlids,Metazoa,Chordata,Craniata,Actinopterygii,Actinopteri,Cichlomorphae,Cichliformes,,,,Cichlidae,Neolamprologus,Neolamprologus kungweensis,Pseudocrenilabrinae,,Teleostei,Lamprologini,,,Neopterygii,Euteleosteomorpha,,
Retropinna retropinna,cellular organisms,Eukaryota,Stomiati,Metazoa,Chordata,Craniata,Actinopterygii,Actinopteri,,Osmeriformes,,,,Retropinnidae,Retropinna,Retropinna retropinna,,,Teleostei,,,,Neopterygii,Euteleosteomorpha,,
Miniopterus orianae oceanensis,cellular organisms,Eukaryota,Boreoeutheria,Metazoa,Chordata,Craniata,Sarcopterygii,Mammalia,Laurasiatheria,Chiroptera,Yangochiroptera,,,Miniopteridae,Miniopterus,Miniopterus orianae,,,,,,Miniopterus orianae oceanensis,,,,
Equus asinus,cellular organisms,Eukaryota,Boreoeutheria,Metazoa,Chordata,Craniata,Sarcopterygii,Mammalia,Laurasiatheria,Perissodactyla,,,,Equidae,Equus,Equus asinus,,,,,,,,,,
Podarcis siculus,cellular organisms,Eukaryota,Lacertibaenia,Metazoa,Chordata,Craniata,Sarcopterygii,Lepidosauria,,Squamata,,,,Lacertidae,Podarcis,Podarcis siculus,Lacertinae,,,,,,,,,
Tarentola mauritanica,cellular organisms,Eukaryota,Bifurcata,Metazoa,Chordata,Craniata,Sarcopterygii,Lepidosauria,,Squamata,,Gekkota,,Phyllodactylidae,Tarentola,Tarentola mauritanica,,,,,,,,,,
Hystrix cristata,cellular organisms,Eukaryota,Glires,Metazoa,Chordata,Craniata,Sarcopterygii,Mammalia,Euarchontoglires,Rodentia,Hystricomorpha,,,Hystricidae,Hystrix,Hystrix cristata,,,,,,,,,,
Cervus elaphus,cellular organisms,Eukaryota,Boreoeutheria,Metazoa,Chordata,Craniata,Sarcopterygii,Mammalia,Laurasiatheria,Artiodactyla,Ruminantia,Pecora,,Cervidae,Cervus,Cervus elaphus,Cervinae,,,,,,,,,
Mustelidae,cellular organisms,Eukaryota,Boreoeutheria,Metazoa,Chordata,Craniata,Sarcopterygii,Mammalia,Laurasiatheria,Carnivora,Caniformia,,,Mustelidae,,,,Musteloidea,,,,,,,,
Canis lupus,cellular organisms,Eukaryota,Boreoeutheria,Metazoa,Chordata,Craniata,Sarcopterygii,Mammalia,Laurasiatheria,Carnivora,Caniformia,,,Canidae,Canis,Canis lupus,,,,,,,,,,
Rodentia,cellular organisms,Eukaryota,Glires,Metazoa,Chordata,Craniata,Sarcopterygii,Mammalia,Euarchontoglires,Rodentia,,,,,,,,,,,,,,,,
Feliformia,cellular organisms,Eukaryota,Boreoeutheria,Metazoa,Chordata,Craniata,Sarcopterygii,Mammalia,Laurasiatheria,Carnivora,Feliformia,,,,,,,,,,,,,,,
Bufo gargarizans,cellular organisms,Eukaryota,Tetrapoda,Metazoa,Chordata,Craniata,Sarcopterygii,Amphibia,Batrachia,Anura,Neobatrachia,,,Bufonidae,Bufo,Bufo gargarizans,,Hyloidea,,,,,,,Bufo gargarizans species complex,
Rhinolophus macrotis,cellular organisms,Eukaryota,Boreoeutheria,Metazoa,Chordata,Craniata,Sarcopterygii,Mammalia,Laurasiatheria,Chiroptera,Yinpterochiroptera,,,Rhinolophidae,Rhinolophus,Rhinolophus macrotis,Rhinolophinae,Rhinolophoidea,,,,,,,,
Cynopterus sphinx,cellular organisms,Eukaryota,Boreoeutheria,Metazoa,Chordata,Craniata,Sarcopterygii,Mammalia,Laurasiatheria,Chiroptera,Yinpterochiroptera,,,Pteropodidae,Cynopterus,Cynopterus sphinx,Cynopterinae,Pteropodoidea,,,,,,,,
Rhinolophus thomasi,cellular organisms,Eukaryota,Boreoeutheria,Metazoa,Chordata,Craniata,Sarcopterygii,Mammalia,Laurasiatheria,Chiroptera,Yinpterochiroptera,,,Rhinolophidae,Rhinolophus,Rhinolophus thomasi,Rhinolophinae,Rhinolophoidea,,,,,,,,
Rhinolophus stheno,cellular organisms,Eukaryota,Boreoeutheria,Metazoa,Chordata,Craniata,Sarcopterygii,Mammalia,Laurasiatheria,Chiroptera,Yinpterochiroptera,,,Rhinolophidae,Rhinolophus,Rhinolophus stheno,Rhinolophinae,Rhinolophoidea,,,,,,,,
Eonycteris spelaea,cellular organisms,Eukaryota,Boreoeutheria,Metazoa,Chordata,Craniata,Sarcopterygii,Mammalia,Laurasiatheria,Chiroptera,Yinpterochiroptera,,,Pteropodidae,Eonycteris,Eonycteris spelaea,Rousettinae,Pteropodoidea,,,,,,,,
Rattus flavipectus,cellular organisms,Eukaryota,Muroidea,Metazoa,Chordata,Craniata,Sarcopterygii,Mammalia,Euarchontoglires,Rodentia,Myomorpha,,,Muridae,Rattus,Rattus flavipectus,Murinae,,,,,,,,,
Rhizomys pruinosus,cellular organisms,Eukaryota,Muroidea,Metazoa,Chordata,Craniata,Sarcopterygii,Mammalia,Euarchontoglires,Rodentia,Myomorpha,,,Spalacidae,Rhizomys,Rhizomys pruinosus,Rhizomyinae,,,,,,,,,
Hippocampus erectus,cellular organisms,Eukaryota,Syngnathiaria,Metazoa,Chordata,Craniata,Actinopterygii,Actinopteri,,Syngnathiformes,Syngnathoidei,,,Syngnathidae,Hippocampus,Hippocampus erectus,Hippocampinae,,Teleostei,,,,Neopterygii,Euteleosteomorpha,,
Ia io,cellular organisms,Eukaryota,Boreoeutheria,Metazoa,Chordata,Craniata,Sarcopterygii,Mammalia,Laurasiatheria,Chiroptera,Yangochiroptera,,,Vespertilionidae,Ia,Ia io,,,,,,,,,,
Caracal caracal,cellular organisms,Eukaryota,Boreoeutheria,Metazoa,Chordata,Craniata,Sarcopterygii,Mammalia,Laurasiatheria,Carnivora,Feliformia,,,Felidae,Caracal,Caracal caracal,Felinae,,,,,,,,,
Niviventer sp.,cellular organisms,Eukaryota,Muroidea,Metazoa,Chordata,Craniata,Sarcopterygii,Mammalia,Euarchontoglires,Rodentia,Myomorpha,,,Muridae,Niviventer,Niviventer sp.,Murinae,,,,,,,,,
Rattus pyctoris,cellular organisms,Eukaryota,Muroidea,Metazoa,Chordata,Craniata,Sarcopterygii,Mammalia,Euarchontoglires,Rodentia,Myomorpha,,,Muridae,Rattus,Rattus pyctoris,Murinae,,,,,,,,,
Cabillus tongarevae,cellular organisms,Eukaryota,Gobiaria,Metazoa,Chordata,Craniata,Actinopterygii,Actinopteri,,Gobiiformes,Gobioidei,,,Gobiidae,Cabillus,Cabillus tongarevae,Gobiinae,,Teleostei,,,,Neopterygii,Euteleosteomorpha,,
Istigobius decoratus,cellular organisms,Eukaryota,Gobiaria,Metazoa,Chordata,Craniata,Actinopterygii,Actinopteri,,Gobiiformes,Gobioidei,,,Gobiidae,Istigobius,Istigobius decoratus,Gobiinae,,Teleostei,,,,Neopterygii,Euteleosteomorpha,,
Istigobius nigroocellatus,cellular organisms,Eukaryota,Gobiaria,Metazoa,Chordata,Craniata,Actinopterygii,Actinopteri,,Gobiiformes,Gobioidei,,,Gobiidae,Istigobius,Istigobius nigroocellatus,Gobiinae,,Teleostei,,,,Neopterygii,Euteleosteomorpha,,
Asterropteryx semipunctata,cellular organisms,Eukaryota,Gobiaria,Metazoa,Chordata,Craniata,Actinopterygii,Actinopteri,,Gobiiformes,Gobioidei,,,Gobiidae,Asterropteryx,Asterropteryx semipunctata,Gobiinae,,Teleostei,,,,Neopterygii,Euteleosteomorpha,,
Istigobius goldmanni,cellular organisms,Eukaryota,Gobiaria,Metazoa,Chordata,Craniata,Actinopterygii,Actinopteri,,Gobiiformes,Gobioidei,,,Gobiidae,Istigobius,Istigobius goldmanni,Gobiinae,,Teleostei,,,,Neopterygii,Euteleosteomorpha,,
Blenniella,cellular organisms,Eukaryota,Blenniimorphae,Metazoa,Chordata,Craniata,Actinopterygii,Actinopteri,,Blenniiformes,Blennioidei,,,Blenniidae,Blenniella,,Salariinae,,Teleostei,,,,Neopterygii,Euteleosteomorpha,,
Capreolus capreolus,cellular organisms,Eukaryota,Boreoeutheria,Metazoa,Chordata,Craniata,Sarcopterygii,Mammalia,Laurasiatheria,Artiodactyla,Ruminantia,Pecora,,Cervidae,Capreolus,Capreolus capreolus,Odocoileinae,,,,,,,,,
Bubalus bubalis,cellular organisms,Eukaryota,Boreoeutheria,Metazoa,Chordata,Craniata,Sarcopterygii,Mammalia,Laurasiatheria,Artiodactyla,Ruminantia,Pecora,,Bovidae,Bubalus,Bubalus bubalis,Bovinae,,,,,,,,,
Cervidae,cellular organisms,Eukaryota,Boreoeutheria,Metazoa,Chordata,Craniata,Sarcopterygii,Mammalia,Laurasiatheria,Artiodactyla,Ruminantia,Pecora,,Cervidae,,,,,,,,,,,,
Mus,cellular organisms,Eukaryota,Muroidea,Metazoa,Chordata,Craniata,Sarcopterygii,Mammalia,Euarchontoglires,Rodentia,Myomorpha,,,Muridae,Mus,,Murinae,,,,Mus,,,,,
Hydroprogne caspia,cellular organisms,Eukaryota,Neoaves,Metazoa,Chordata,Craniata,Sarcopterygii,Aves,,Charadriiformes,,,,Laridae,Hydroprogne,Hydroprogne caspia,,,Neognathae,,,,,,,
Merops apiaster,cellular organisms,Eukaryota,Coraciimorphae,Metazoa,Chordata,Craniata,Sarcopterygii,Aves,,Coraciiformes,,,,Meropidae,Merops,Merops apiaster,,,Neognathae,,,,,,,
Hirundo rustica,cellular organisms,Eukaryota,Australaves,Metazoa,Chordata,Craniata,Sarcopterygii,Aves,,Passeriformes,,,,Hirundinidae,Hirundo,Hirundo rustica,,Sylvioidea,Neognathae,,,,,,,
Coloeus monedula,cellular organisms,Eukaryota,Australaves,Metazoa,Chordata,Craniata,Sarcopterygii,Aves,,Passeriformes,,,,Corvidae,Coloeus,Coloeus monedula,,Corvoidea,Neognathae,,,,,,,
Strophurus ciliaris,cellular organisms,Eukaryota,Bifurcata,Metazoa,Chordata,Craniata,Sarcopterygii,Lepidosauria,,Squamata,,Gekkota,,Diplodactylidae,Strophurus,Strophurus ciliaris,,Pygopoidea,,,,,,,,
Hystricidae,cellular organisms,Eukaryota,Glires,Metazoa,Chordata,Craniata,Sarcopterygii,Mammalia,Euarchontoglires,Rodentia,Hystricomorpha,,,Hystricidae,,,,,,,,,,,,
Mus caroli,cellular organisms,Eukaryota,Muroidea,Metazoa,Chordata,Craniata,Sarcopterygii,Mammalia,Euarchontoglires,Rodentia,Myomorpha,,,Muridae,Mus,Mus caroli,Murinae,,,,Mus,,,,,
Mus pahari,cellular organisms,Eukaryota,Muroidea,Metazoa,Chordata,Craniata,Sarcopterygii,Mammalia,Euarchontoglires,Rodentia,Myomorpha,,,Muridae,Mus,Mus pahari,Murinae,,,,Coelomys,,,,,
Anser indicus,cellular organisms,Eukaryota,Coelurosauria,Metazoa,Chordata,Craniata,Sarcopterygii,Aves,Galloanserae,Anseriformes,,,,Anatidae,Anser,Anser indicus,Anserinae,,Neognathae,,,,,,,
Manis javanica,cellular organisms,Eukaryota,Boreoeutheria,Metazoa,Chordata,Craniata,Sarcopterygii,Mammalia,Laurasiatheria,Pholidota,,,,Manidae,Manis,Manis javanica,,,,,,,,,,
Miniopterus natalensis,cellular organisms,Eukaryota,Boreoeutheria,Metazoa,Chordata,Craniata,Sarcopterygii,Mammalia,Laurasiatheria,Chiroptera,Yangochiroptera,,,Miniopteridae,Miniopterus,Miniopterus natalensis,,,,,,,,,,
Miniopterus africanus,cellular organisms,Eukaryota,Boreoeutheria,Metazoa,Chordata,Craniata,Sarcopterygii,Mammalia,Laurasiatheria,Chiroptera,Yangochiroptera,,,Miniopteridae,Miniopterus,Miniopterus africanus,,,,,,,,,,
Meriones unguiculatus,cellular organisms,Eukaryota,Muroidea,Metazoa,Chordata,Craniata,Sarcopterygii,Mammalia,Euarchontoglires,Rodentia,Myomorpha,,,Muridae,Meriones,Meriones unguiculatus,Gerbillinae,,,,,,,,,
Corvus,cellular organisms,Eukaryota,Australaves,Metazoa,Chordata,Craniata,Sarcopterygii,Aves,,Passeriformes,,,,Corvidae,Corvus,,,Corvoidea,Neognathae,,,,,,,
Spatula clypeata,cellular organisms,Eukaryota,Coelurosauria,Metazoa,Chordata,Craniata,Sarcopterygii,Aves,Galloanserae,Anseriformes,,,,Anatidae,Spatula,Spatula clypeata,Anatinae,,Neognathae,,,,,,,
Spilopelia senegalensis,cellular organisms,Eukaryota,Columbimorphae,Metazoa,Chordata,Craniata,Sarcopterygii,Aves,,Columbiformes,,,,Columbidae,Spilopelia,Spilopelia senegalensis,,,Neognathae,,,,,,,
Myotis fimbriatus,cellular organisms,Eukaryota,Boreoeutheria,Metazoa,Chordata,Craniata,Sarcopterygii,Mammalia,Laurasiatheria,Chiroptera,Yangochiroptera,,,Vespertilionidae,Myotis,Myotis fimbriatus,,,,,,,,,,
Prunella montanella,cellular organisms,Eukaryota,Australaves,Metazoa,Chordata,Craniata,Sarcopterygii,Aves,,Passeriformes,,,,Prunellidae,Prunella,Prunella montanella,,Passeroidea,Neognathae,,,,,,,
Periparus ater,cellular organisms,Eukaryota,Australaves,Metazoa,Chordata,Craniata,Sarcopterygii,Aves,,Passeriformes,,,,Paridae,Periparus,Periparus ater,,,Neognathae,,,,,,,
Phylloscopus inornatus,cellular organisms,Eukaryota,Australaves,Metazoa,Chordata,Craniata,Sarcopterygii,Aves,,Passeriformes,,,,Phylloscopidae,Phylloscopus,Phylloscopus inornatus,,Sylvioidea,Neognathae,,,,,,,
Cyanopica cyanus,cellular organisms,Eukaryota,Australaves,Metazoa,Chordata,Craniata,Sarcopterygii,Aves,,Passeriformes,,,,Corvidae,Cyanopica,Cyanopica cyanus,,Corvoidea,Neognathae,,,,,,,
Calliope calliope,cellular organisms,Eukaryota,Australaves,Metazoa,Chordata,Craniata,Sarcopterygii,Aves,,Passeriformes,,,,Muscicapidae,Calliope,Calliope calliope,,,Neognathae,,,,,,,
Turdus philomelos,cellular organisms,Eukaryota,Australaves,Metazoa,Chordata,Craniata,Sarcopterygii,Aves,,Passeriformes,,,,Turdidae,Turdus,Turdus philomelos,,,Neognathae,,,,,,,
Zosterops lateralis,cellular organisms,Eukaryota,Australaves,Metazoa,Chordata,Craniata,Sarcopterygii,Aves,,Passeriformes,,,,Zosteropidae,Zosterops,Zosterops lateralis,,Sylvioidea,Neognathae,,,,,,,
Petroica macrocephala,cellular organisms,Eukaryota,Australaves,Metazoa,Chordata,Craniata,Sarcopterygii,Aves,,Passeriformes,,,,Petroicidae,Petroica,Petroica macrocephala,,,Neognathae,,,,,,,
Pan troglodytes,cellular organisms,Eukaryota,Boreoeutheria,Metazoa,Chordata,Craniata,Sarcopterygii,Mammalia,Euarchontoglires,Primates,Haplorrhini,Simiiformes,Catarrhini,Hominidae,Pan,Pan troglodytes,Homininae,Hominoidea,,,,,,,,
Paguma larvata,cellular organisms,Eukaryota,Boreoeutheria,Metazoa,Chordata,Craniata,Sarcopterygii,Mammalia,Laurasiatheria,Carnivora,Feliformia,,,Viverridae,Paguma,Paguma larvata,Paradoxurinae,,,,,,,,,
Paradoxurus hermaphroditus,cellular organisms,Eukaryota,Boreoeutheria,Metazoa,Chordata,Craniata,Sarcopterygii,Mammalia,Laurasiatheria,Carnivora,Feliformia,,,Viverridae,Paradoxurus,Paradoxurus hermaphroditus,Paradoxurinae,,,,,,,,,
Cygnus olor,cellular organisms,Eukaryota,Coelurosauria,Metazoa,Chordata,Craniata,Sarcopterygii,Aves,Galloanserae,Anseriformes,,,,Anatidae,Cygnus,Cygnus olor,Anserinae,,Neognathae,,,,,,,
Myodes,cellular organisms,Eukaryota,Muroidea,Metazoa,Chordata,Craniata,Sarcopterygii,Mammalia,Euarchontoglires,Rodentia,Myomorpha,,,Cricetidae,Myodes,,Arvicolinae,,,,,,,,,
Myocastor coypus,cellular organisms,Eukaryota,Glires,Metazoa,Chordata,Craniata,Sarcopterygii,Mammalia,Euarchontoglires,Rodentia,Hystricomorpha,,,Myocastoridae,Myocastor,Myocastor coypus,,,,,,,,,,
Gobiomorphus cotidianus,cellular organisms,Eukaryota,Gobiaria,Metazoa,Chordata,Craniata,Actinopterygii,Actinopteri,,Gobiiformes,Eleotroidei,,,Eleotridae,Gobiomorphus,Gobiomorphus cotidianus,Eleotrinae,,Teleostei,,,,Neopterygii,Euteleosteomorpha,,
Callosciurus erythraeus,cellular organisms,Eukaryota,Glires,Metazoa,Chordata,Craniata,Sarcopterygii,Mammalia,Euarchontoglires,Rodentia,Sciuromorpha,,,Sciuridae,Callosciurus,Callosciurus erythraeus,Callosciurinae,,,Callosciurini,,,,,,
Sciurus vulgaris,cellular organisms,Eukaryota,Glires,Metazoa,Chordata,Craniata,Sarcopterygii,Mammalia,Euarchontoglires,Rodentia,Sciuromorpha,,,Sciuridae,Sciurus,Sciurus vulgaris,Sciurinae,,,Sciurini,,,,,,
Marmota caudata,cellular organisms,Eukaryota,Glires,Metazoa,Chordata,Craniata,Sarcopterygii,Mammalia,Euarchontoglires,Rodentia,Sciuromorpha,,,Sciuridae,Marmota,Marmota caudata,Xerinae,,,Marmotini,,,,,,
Corvus splendens,cellular organisms,Eukaryota,Australaves,Metazoa,Chordata,Craniata,Sarcopterygii,Aves,,Passeriformes,,,,Corvidae,Corvus,Corvus splendens,,Corvoidea,Neognathae,,,,,,,
Spilopelia chinensis,cellular organisms,Eukaryota,Columbimorphae,Metazoa,Chordata,Craniata,Sarcopterygii,Aves,,Columbiformes,,,,Columbidae,Spilopelia,Spilopelia chinensis,,,Neognathae,,,,,,,
Columbidae,cellular organisms,Eukaryota,Columbimorphae,Metazoa,Chordata,Craniata,Sarcopterygii,Aves,,Columbiformes,,,,Columbidae,,,,,Neognathae,,,,,,,
Miniopterus gleni,cellular organisms,Eukaryota,Boreoeutheria,Metazoa,Chordata,Craniata,Sarcopterygii,Mammalia,Laurasiatheria,Chiroptera,Yangochiroptera,,,Miniopteridae,Miniopterus,Miniopterus gleni,,,,,,,,,,
Miniopterus mahafaliensis,cellular organisms,Eukaryota,Boreoeutheria,Metazoa,Chordata,Craniata,Sarcopterygii,Mammalia,Laurasiatheria,Chiroptera,Yangochiroptera,,,Miniopteridae,Miniopterus,Miniopterus mahafaliensis,,,,,,,,,,
Miniopterus manavi,cellular organisms,Eukaryota,Boreoeutheria,Metazoa,Chordata,Craniata,Sarcopterygii,Mammalia,Laurasiatheria,Chiroptera,Yangochiroptera,,,Miniopteridae,Miniopterus,Miniopterus manavi,,,,,,,,,,
Miniopterus sororculus,cellular organisms,Eukaryota,Boreoeutheria,Metazoa,Chordata,Craniata,Sarcopterygii,Mammalia,Laurasiatheria,Chiroptera,Yangochiroptera,,,Miniopteridae,Miniopterus,Miniopterus sororculus,,,,,,,,,,
Triaenops menamena,cellular organisms,Eukaryota,Boreoeutheria,Metazoa,Chordata,Craniata,Sarcopterygii,Mammalia,Laurasiatheria,Chiroptera,Yinpterochiroptera,,,Rhinonycteridae,Triaenops,Triaenops menamena,,Rhinolophoidea,,,,,,,,
Chaerephon leucogaster,cellular organisms,Eukaryota,Boreoeutheria,Metazoa,Chordata,Craniata,Sarcopterygii,Mammalia,Laurasiatheria,Chiroptera,Yangochiroptera,,,Molossidae,Mops,Mops leucogaster,,,,,,,,,,
Mops leucostigma,cellular organisms,Eukaryota,Boreoeutheria,Metazoa,Chordata,Craniata,Sarcopterygii,Mammalia,Laurasiatheria,Chiroptera,Yangochiroptera,,,Molossidae,Mops,Mops leucostigma,,,,,,,,,,
Macronycteris commersoni,cellular organisms,Eukaryota,Boreoeutheria,Metazoa,Chordata,Craniata,Sarcopterygii,Mammalia,Laurasiatheria,Chiroptera,Yinpterochiroptera,,,Hipposideridae,Macronycteris,Macronycteris commersonii,,Rhinolophoidea,,,,,,,,
Phrynocephalus erythrurus,cellular organisms,Eukaryota,Acrodonta,Metazoa,Chordata,Craniata,Sarcopterygii,Lepidosauria,,Squamata,Iguania,,,Agamidae,Phrynocephalus,Phrynocephalus erythrurus,Agaminae,,,,,,,,,
Phrynocephalus theobaldi,cellular organisms,Eukaryota,Acrodonta,Metazoa,Chordata,Craniata,Sarcopterygii,Lepidosauria,,Squamata,Iguania,,,Agamidae,Phrynocephalus,Phrynocephalus theobaldi,Agaminae,,,,,,,,,
Eptesicus regulus,cellular organisms,Eukaryota,Boreoeutheria,Metazoa,Chordata,Craniata,Sarcopterygii,Mammalia,Laurasiatheria,Chiroptera,Yangochiroptera,,,Vespertilionidae,Vespadelus,Vespadelus regulus,,,,,,,,,,
Aves,cellular organisms,Eukaryota,Coelurosauria,Metazoa,Chordata,Craniata,Sarcopterygii,Aves,,,,,,,,,,,,,,,,,,
Mormopterus sp. BBvV-2008,cellular organisms,Eukaryota,Boreoeutheria,Metazoa,Chordata,Craniata,Sarcopterygii,Mammalia,Laurasiatheria,Chiroptera,Yangochiroptera,,,Molossidae,Mormopterus,Mormopterus francoismoutoui,,,,,,,,,,
Ailurus fulgens,cellular organisms,Eukaryota,Boreoeutheria,Metazoa,Chordata,Craniata,Sarcopterygii,Mammalia,Laurasiatheria,Carnivora,Caniformia,,,Ailuridae,Ailurus,Ailurus fulgens,,Musteloidea,,,,,,,,
Macaca mulatta,cellular organisms,Eukaryota,Boreoeutheria,Metazoa,Chordata,Craniata,Sarcopterygii,Mammalia,Euarchontoglires,Primates,Haplorrhini,Simiiformes,Catarrhini,Cercopithecidae,Macaca,Macaca mulatta,Cercopithecinae,Cercopithecoidea,,,,,,,,
Bovidae,cellular organisms,Eukaryota,Boreoeutheria,Metazoa,Chordata,Craniata,Sarcopterygii,Mammalia,Laurasiatheria,Artiodactyla,Ruminantia,Pecora,,Bovidae,,,,,,,,,,,,
Arenaria interpres,cellular organisms,Eukaryota,Neoaves,Metazoa,Chordata,Craniata,Sarcopterygii,Aves,,Charadriiformes,,,,Scolopacidae,Arenaria,Arenaria interpres,,,Neognathae,,,,,,,
Odobenus rosmarus,cellular organisms,Eukaryota,Pinnipedia,Metazoa,Chordata,Craniata,Sarcopterygii,Mammalia,Laurasiatheria,Carnivora,Caniformia,,,Odobenidae,Odobenus,Odobenus rosmarus,,,,,,,,,,
Myotis daubentonii,cellular organisms,Eukaryota,Boreoeutheria,Metazoa,Chordata,Craniata,Sarcopterygii,Mammalia,Laurasiatheria,Chiroptera,Yangochiroptera,,,Vespertilionidae,Myotis,Myotis daubentonii,,,,,,,,,,
Pipistrellus sp. pipistrellus/pygmaeus AO-2021,cellular organisms,Eukaryota,Boreoeutheria,Metazoa,Chordata,Craniata,Sarcopterygii,Mammalia,Laurasiatheria,Chiroptera,Yangochiroptera,,,Vespertilionidae,Pipistrellus,Pipistrellus sp.,,,,,,,,,,
Plecotus auritus,cellular organisms,Eukaryota,Boreoeutheria,Metazoa,Chordata,Craniata,Sarcopterygii,Mammalia,Laurasiatheria,Chiroptera,Yangochiroptera,,,Vespertilionidae,Plecotus,Plecotus auritus,,,,,,,,,,
Vespertilio murinus,cellular organisms,Eukaryota,Boreoeutheria,Metazoa,Chordata,Craniata,Sarcopterygii,Mammalia,Laurasiatheria,Chiroptera,Yangochiroptera,,,Vespertilionidae,Vespertilio,Vespertilio murinus,,,,,,,,,,
Leiopotherapon unicolor,cellular organisms,Eukaryota,Eupercaria,Metazoa,Chordata,Craniata,Actinopterygii,Actinopteri,,Centrarchiformes,,,,Terapontidae,Leiopotherapon,Leiopotherapon unicolor,,Terapontoidei,Teleostei,,,,Neopterygii,Euteleosteomorpha,,
Gambusia holbrooki,cellular organisms,Eukaryota,Ovalentaria,Metazoa,Chordata,Craniata,Actinopterygii,Actinopteri,Atherinomorphae,Cyprinodontiformes,Cyprinodontoidei,,,Poeciliidae,Gambusia,Gambusia holbrooki,Poeciliinae,,Teleostei,,,,Neopterygii,Euteleosteomorpha,,
Melanotaenia fluviatilis,cellular organisms,Eukaryota,Ovalentaria,Metazoa,Chordata,Craniata,Actinopterygii,Actinopteri,Atherinomorphae,Atheriniformes,,,,Melanotaeniidae,Melanotaenia,Melanotaenia fluviatilis,,,Teleostei,,,,Neopterygii,Euteleosteomorpha,,
Desmodus rotundus,cellular organisms,Eukaryota,Boreoeutheria,Metazoa,Chordata,Craniata,Sarcopterygii,Mammalia,Laurasiatheria,Chiroptera,Yangochiroptera,,,Phyllostomidae,Desmodus,Desmodus rotundus,Desmodontinae,,,,,,,,,
Helicolenus barathri,cellular organisms,Eukaryota,Eupercaria,Metazoa,Chordata,Craniata,Actinopterygii,Actinopteri,,Perciformes,Scorpaenoidei,,,Sebastidae,Helicolenus,Helicolenus barathri,Sebastinae,,Teleostei,,,,Neopterygii,Euteleosteomorpha,,
Platycephalus richardsoni,cellular organisms,Eukaryota,Eupercaria,Metazoa,Chordata,Craniata,Actinopterygii,Actinopteri,,Perciformes,Platycephaloidei,,,Platycephalidae,Platycephalus,Platycephalus richardsoni,,,Teleostei,,,,Neopterygii,Euteleosteomorpha,,
Zeus faber,cellular organisms,Eukaryota,Zeariae,Metazoa,Chordata,Craniata,Actinopterygii,Actinopteri,,Zeiformes,,,,Zeidae,Zeus,Zeus faber,,,Teleostei,,,,Neopterygii,Euteleosteomorpha,,
Chelidonichthys cuculus,cellular organisms,Eukaryota,Eupercaria,Metazoa,Chordata,Craniata,Actinopterygii,Actinopteri,,Perciformes,Triglioidei,,,Triglidae,Chelidonichthys,Chelidonichthys cuculus,,,Teleostei,,,,Neopterygii,Euteleosteomorpha,,
Tupaia glis,cellular organisms,Eukaryota,Boreoeutheria,Metazoa,Chordata,Craniata,Sarcopterygii,Mammalia,Euarchontoglires,Scandentia,,,,Tupaiidae,Tupaia,Tupaia glis,,,,,,,,,,
Callosciurus notatus,cellular organisms,Eukaryota,Glires,Metazoa,Chordata,Craniata,Sarcopterygii,Mammalia,Euarchontoglires,Rodentia,Sciuromorpha,,,Sciuridae,Callosciurus,Callosciurus notatus,Callosciurinae,,,Callosciurini,,,,,,
Mus musculus castaneus,cellular organisms,Eukaryota,Muroidea,Metazoa,Chordata,Craniata,Sarcopterygii,Mammalia,Euarchontoglires,Rodentia,Myomorpha,,,Muridae,Mus,Mus musculus,Murinae,,,,Mus,Mus musculus castaneus,,,,
Rattus annandalei,cellular organisms,Eukaryota,Muroidea,Metazoa,Chordata,Craniata,Sarcopterygii,Mammalia,Euarchontoglires,Rodentia,Myomorpha,,,Muridae,Rattus,Rattus annandalei,Murinae,,,,,,,,,
Pipistrellus kuhlii,cellular organisms,Eukaryota,Boreoeutheria,Metazoa,Chordata,Craniata,Sarcopterygii,Mammalia,Laurasiatheria,Chiroptera,Yangochiroptera,,,Vespertilionidae,Pipistrellus,Pipistrellus kuhlii,,,,,,,,,,
Artibeus planirostris,cellular organisms,Eukaryota,Boreoeutheria,Metazoa,Chordata,Craniata,Sarcopterygii,Mammalia,Laurasiatheria,Chiroptera,Yangochiroptera,,,Phyllostomidae,Artibeus,Artibeus planirostris,Stenodermatinae,,,,,,,,,
Anas superciliosa,cellular organisms,Eukaryota,Coelurosauria,Metazoa,Chordata,Craniata,Sarcopterygii,Aves,Galloanserae,Anseriformes,,,,Anatidae,Anas,Anas superciliosa,Anatinae,,Neognathae,,,,,,,
Anas castanea,cellular organisms,Eukaryota,Coelurosauria,Metazoa,Chordata,Craniata,Sarcopterygii,Aves,Galloanserae,Anseriformes,,,,Anatidae,Anas,Anas castanea,Anatinae,,Neognathae,,,,,,,
Mandrillus sphinx,cellular organisms,Eukaryota,Boreoeutheria,Metazoa,Chordata,Craniata,Sarcopterygii,Mammalia,Euarchontoglires,Primates,Haplorrhini,Simiiformes,Catarrhini,Cercopithecidae,Mandrillus,Mandrillus sphinx,Cercopithecinae,Cercopithecoidea,,,,,,,,
Bandicota savilei,cellular organisms,Eukaryota,Muroidea,Metazoa,Chordata,Craniata,Sarcopterygii,Mammalia,Euarchontoglires,Rodentia,Myomorpha,,,Muridae,Bandicota,Bandicota savilei,Murinae,,,,,,,,,
Cavia porcellus,cellular organisms,Eukaryota,Glires,Metazoa,Chordata,Craniata,Sarcopterygii,Mammalia,Euarchontoglires,Rodentia,Hystricomorpha,,,Caviidae,Cavia,Cavia porcellus,,,,,,,,,,
Tadarida brasiliensis,cellular organisms,Eukaryota,Boreoeutheria,Metazoa,Chordata,Craniata,Sarcopterygii,Mammalia,Laurasiatheria,Chiroptera,Yangochiroptera,,,Molossidae,Tadarida,Tadarida brasiliensis,,,,,,,,,,
Odocoileus virginianus,cellular organisms,Eukaryota,Boreoeutheria,Metazoa,Chordata,Craniata,Sarcopterygii,Mammalia,Laurasiatheria,Artiodactyla,Ruminantia,Pecora,,Cervidae,Odocoileus,Odocoileus virginianus,Odocoileinae,,,,,,,,,
Accipiter nisus,cellular organisms,Eukaryota,Accipitrimorphae,Metazoa,Chordata,Craniata,Sarcopterygii,Aves,,Accipitriformes,,,,Accipitridae,Accipiter,Accipiter nisus,Accipitrinae,,Neognathae,,,,,,,
Macaca fascicularis,cellular organisms,Eukaryota,Boreoeutheria,Metazoa,Chordata,Craniata,Sarcopterygii,Mammalia,Euarchontoglires,Primates,Haplorrhini,Simiiformes,Catarrhini,Cercopithecidae,Macaca,Macaca fascicularis,Cercopithecinae,Cercopithecoidea,,,,,,,,
Pteropus giganteus,cellular organisms,Eukaryota,Boreoeutheria,Metazoa,Chordata,Craniata,Sarcopterygii,Mammalia,Laurasiatheria,Chiroptera,Yinpterochiroptera,,,Pteropodidae,Pteropus,Pteropus vampyrus,Pteropodinae,Pteropodoidea,,,,,,,,
Triaenops persicus,cellular organisms,Eukaryota,Boreoeutheria,Metazoa,Chordata,Craniata,Sarcopterygii,Mammalia,Laurasiatheria,Chiroptera,Yinpterochiroptera,,,Rhinonycteridae,Triaenops,Triaenops persicus,,Rhinolophoidea,,,,,,,,
Triaenops afer,cellular organisms,Eukaryota,Boreoeutheria,Metazoa,Chordata,Craniata,Sarcopterygii,Mammalia,Laurasiatheria,Chiroptera,Yinpterochiroptera,,,Rhinonycteridae,Triaenops,Triaenops afer,,Rhinolophoidea,,,,,,,,
Hipposideros ruber,cellular organisms,Eukaryota,Boreoeutheria,Metazoa,Chordata,Craniata,Sarcopterygii,Mammalia,Laurasiatheria,Chiroptera,Yinpterochiroptera,,,Hipposideridae,Hipposideros,Hipposideros ruber,,Rhinolophoidea,,,,,,,,
Parahypsugo crassulus,cellular organisms,Eukaryota,Boreoeutheria,Metazoa,Chordata,Craniata,Sarcopterygii,Mammalia,Laurasiatheria,Chiroptera,Yangochiroptera,,,Vespertilionidae,Nycticeinops,Nycticeinops crassulus,,,,,,,,,,
Macaca nemestrina,cellular organisms,Eukaryota,Boreoeutheria,Metazoa,Chordata,Craniata,Sarcopterygii,Mammalia,Euarchontoglires,Primates,Haplorrhini,Simiiformes,Catarrhini,Cercopithecidae,Macaca,Macaca nemestrina,Cercopithecinae,Cercopithecoidea,,,,,,,,
Balionycteris maculata,cellular organisms,Eukaryota,Boreoeutheria,Metazoa,Chordata,Craniata,Sarcopterygii,Mammalia,Laurasiatheria,Chiroptera,Yinpterochiroptera,,,Pteropodidae,Balionycteris,Balionycteris maculata,Cynopterinae,Pteropodoidea,,,,,,,,
Rousettus amplexicaudatus,cellular organisms,Eukaryota,Boreoeutheria,Metazoa,Chordata,Craniata,Sarcopterygii,Mammalia,Laurasiatheria,Chiroptera,Yinpterochiroptera,,,Pteropodidae,Rousettus,Rousettus amplexicaudatus,Rousettinae,Pteropodoidea,,,,,,,,
Sundamys infraluteus,cellular organisms,Eukaryota,Muroidea,Metazoa,Chordata,Craniata,Sarcopterygii,Mammalia,Euarchontoglires,Rodentia,Myomorpha,,,Muridae,Sundamys,Sundamys infraluteus,Murinae,,,,,,,,,
Mastomys natalensis,cellular organisms,Eukaryota,Muroidea,Metazoa,Chordata,Craniata,Sarcopterygii,Mammalia,Euarchontoglires,Rodentia,Myomorpha,,,Muridae,Mastomys,Mastomys natalensis,Murinae,,,,,,,,,
Apodemus sylvaticus,cellular organisms,Eukaryota,Muroidea,Metazoa,Chordata,Craniata,Sarcopterygii,Mammalia,Euarchontoglires,Rodentia,Myomorpha,,,Muridae,Apodemus,Apodemus sylvaticus,Murinae,,,,,,,,Sylvaemus group,
Tadarida,cellular organisms,Eukaryota,Boreoeutheria,Metazoa,Chordata,Craniata,Sarcopterygii,Mammalia,Laurasiatheria,Chiroptera,Yangochiroptera,,,Molossidae,Tadarida,,,,,,,,,,,
Mastomys sp.,cellular organisms,Eukaryota,Muroidea,Metazoa,Chordata,Craniata,Sarcopterygii,Mammalia,Euarchontoglires,Rodentia,Myomorpha,,,Muridae,Mastomys,Mastomys sp.,Murinae,,,,,,,,,
Praomys,cellular organisms,Eukaryota,Muroidea,Metazoa,Chordata,Craniata,Sarcopterygii,Mammalia,Euarchontoglires,Rodentia,Myomorpha,,,Muridae,Praomys,,Murinae,,,,,,,,,
Mops pumilus,cellular organisms,Eukaryota,Boreoeutheria,Metazoa,Chordata,Craniata,Sarcopterygii,Mammalia,Laurasiatheria,Chiroptera,Yangochiroptera,,,Molossidae,Mops,Mops pumilus,,,,,,,,,,
Rhinosciurus laticaudatus,cellular organisms,Eukaryota,Glires,Metazoa,Chordata,Craniata,Sarcopterygii,Mammalia,Euarchontoglires,Rodentia,Sciuromorpha,,,Sciuridae,Rhinosciurus,Rhinosciurus laticaudatus,Callosciurinae,,,Callosciurini,,,,,,
Macroglossus sobrinus,cellular organisms,Eukaryota,Boreoeutheria,Metazoa,Chordata,Craniata,Sarcopterygii,Mammalia,Laurasiatheria,Chiroptera,Yinpterochiroptera,,,Pteropodidae,Macroglossus,Macroglossus sobrinus,Macroglossinae,Pteropodoidea,,,,,,,,
Bandicota bengalensis,cellular organisms,Eukaryota,Muroidea,Metazoa,Chordata,Craniata,Sarcopterygii,Mammalia,Euarchontoglires,Rodentia,Myomorpha,,,Muridae,Bandicota,Bandicota bengalensis,Murinae,,,,,,,,,
Rhinolophus coelophyllus,cellular organisms,Eukaryota,Boreoeutheria,Metazoa,Chordata,Craniata,Sarcopterygii,Mammalia,Laurasiatheria,Chiroptera,Yinpterochiroptera,,,Rhinolophidae,Rhinolophus,Rhinolophus coelophyllus,Rhinolophinae,Rhinolophoidea,,,,,,,,
Rhinolophus shameli,cellular organisms,Eukaryota,Boreoeutheria,Metazoa,Chordata,Craniata,Sarcopterygii,Mammalia,Laurasiatheria,Chiroptera,Yinpterochiroptera,,,Rhinolophidae,Rhinolophus,Rhinolophus shameli,Rhinolophinae,Rhinolophoidea,,,,,,,,
Hipposideros lekaguli,cellular organisms,Eukaryota,Boreoeutheria,Metazoa,Chordata,Craniata,Sarcopterygii,Mammalia,Laurasiatheria,Chiroptera,Yinpterochiroptera,,,Hipposideridae,Hipposideros,Hipposideros lekaguli,,Rhinolophoidea,,,,,,,,
Myotis horsfieldii,cellular organisms,Eukaryota,Boreoeutheria,Metazoa,Chordata,Craniata,Sarcopterygii,Mammalia,Laurasiatheria,Chiroptera,Yangochiroptera,,,Vespertilionidae,Myotis,Myotis horsfieldii,,,,,,,,,,
Rattus exulans,cellular organisms,Eukaryota,Muroidea,Metazoa,Chordata,Craniata,Sarcopterygii,Mammalia,Euarchontoglires,Rodentia,Myomorpha,,,Muridae,Rattus,Rattus exulans,Murinae,,,,,,,,,
Mus musculoides,cellular organisms,Eukaryota,Muroidea,Metazoa,Chordata,Craniata,Sarcopterygii,Mammalia,Euarchontoglires,Rodentia,Myomorpha,,,Muridae,Mus,Mus musculoides,Murinae,,,,Nannomys,,,,,
Heimyscus fumosus,cellular organisms,Eukaryota,Muroidea,Metazoa,Chordata,Craniata,Sarcopterygii,Mammalia,Euarchontoglires,Rodentia,Myomorpha,,,Muridae,Heimyscus,Heimyscus fumosus,Murinae,,,,,,,,,
Praomys tullbergi,cellular organisms,Eukaryota,Muroidea,Metazoa,Chordata,Craniata,Sarcopterygii,Mammalia,Euarchontoglires,Rodentia,Myomorpha,,,Muridae,Praomys,Praomys tullbergi,Murinae,,,,,,,,,
Hylomyscus stella,cellular organisms,Eukaryota,Muroidea,Metazoa,Chordata,Craniata,Sarcopterygii,Mammalia,Euarchontoglires,Rodentia,Myomorpha,,,Muridae,Hylomyscus,Hylomyscus stella,Murinae,,,,,,,,,
Malacomys longipes,cellular organisms,Eukaryota,Muroidea,Metazoa,Chordata,Craniata,Sarcopterygii,Mammalia,Euarchontoglires,Rodentia,Myomorpha,,,Muridae,Malacomys,Malacomys longipes,Murinae,,,,,,,,,
Hylomyscus,cellular organisms,Eukaryota,Muroidea,Metazoa,Chordata,Craniata,Sarcopterygii,Mammalia,Euarchontoglires,Rodentia,Myomorpha,,,Muridae,Hylomyscus,,Murinae,,,,,,,,,
Crocidura goliath,cellular organisms,Eukaryota,Boreoeutheria,Metazoa,Chordata,Craniata,Sarcopterygii,Mammalia,Laurasiatheria,Eulipotyphla,,,,Soricidae,Crocidura,Crocidura goliath,Crocidurinae,,,,,,,,,
Nycteris hispida,cellular organisms,Eukaryota,Boreoeutheria,Metazoa,Chordata,Craniata,Sarcopterygii,Mammalia,Laurasiatheria,Chiroptera,Yangochiroptera,,,Nycteridae,Nycteris,Nycteris hispida,,,,,,,,,,
Lissonycteris angolensis,,,,,,,,,,,,,,,,,,,,,,,,,,
Anoura caudifer,cellular organisms,Eukaryota,Boreoeutheria,Metazoa,Chordata,Craniata,Sarcopterygii,Mammalia,Laurasiatheria,Chiroptera,Yangochiroptera,,,Phyllostomidae,Anoura,Anoura caudifer,Glossophaginae,,,,,,,,,
Carollia perspicillata,cellular organisms,Eukaryota,Boreoeutheria,Metazoa,Chordata,Craniata,Sarcopterygii,Mammalia,Laurasiatheria,Chiroptera,Yangochiroptera,,,Phyllostomidae,Carollia,Carollia perspicillata,Carolliinae,,,,,,,,,
Artibeus lituratus,cellular organisms,Eukaryota,Boreoeutheria,Metazoa,Chordata,Craniata,Sarcopterygii,Mammalia,Laurasiatheria,Chiroptera,Yangochiroptera,,,Phyllostomidae,Artibeus,Artibeus lituratus,Stenodermatinae,,,,,,,,,
Sturnira lilium,cellular organisms,Eukaryota,Boreoeutheria,Metazoa,Chordata,Craniata,Sarcopterygii,Mammalia,Laurasiatheria,Chiroptera,Yangochiroptera,,,Phyllostomidae,Sturnira,Sturnira lilium,Stenodermatinae,,,,,,,,,
Akodon cursor,cellular organisms,Eukaryota,Muroidea,Metazoa,Chordata,Craniata,Sarcopterygii,Mammalia,Euarchontoglires,Rodentia,Myomorpha,,,Cricetidae,Akodon,Akodon cursor,Sigmodontinae,,,,,,,,,
Eothenomys cachinus,cellular organisms,Eukaryota,Muroidea,Metazoa,Chordata,Craniata,Sarcopterygii,Mammalia,Euarchontoglires,Rodentia,Myomorpha,,,Cricetidae,Eothenomys,Eothenomys cachinus,Arvicolinae,,,,,,,,,
Niviventer eha,cellular organisms,Eukaryota,Muroidea,Metazoa,Chordata,Craniata,Sarcopterygii,Mammalia,Euarchontoglires,Rodentia,Myomorpha,,,Muridae,Niviventer,Niviventer eha,Murinae,,,,,,,,,
Ochotona thibetana,cellular organisms,Eukaryota,Glires,Metazoa,Chordata,Craniata,Sarcopterygii,Mammalia,Euarchontoglires,Lagomorpha,,,,Ochotonidae,Ochotona,Ochotona thibetana,,,,,,,,,,
Sorex,cellular organisms,Eukaryota,Boreoeutheria,Metazoa,Chordata,Craniata,Sarcopterygii,Mammalia,Laurasiatheria,Eulipotyphla,,,,Soricidae,Sorex,,Soricinae,,,,,,,,,
Crocidura,cellular organisms,Eukaryota,Boreoeutheria,Metazoa,Chordata,Craniata,Sarcopterygii,Mammalia,Laurasiatheria,Eulipotyphla,,,,Soricidae,Crocidura,,Crocidurinae,,,,,,,,,
Rhizomys sinensis,cellular organisms,Eukaryota,Muroidea,Metazoa,Chordata,Craniata,Sarcopterygii,Mammalia,Euarchontoglires,Rodentia,Myomorpha,,,Spalacidae,Rhizomys,Rhizomys sinensis,Rhizomyinae,,,,,,,,,
Hystrix brachyura,cellular organisms,Eukaryota,Glires,Metazoa,Chordata,Craniata,Sarcopterygii,Mammalia,Euarchontoglires,Rodentia,Hystricomorpha,,,Hystricidae,Hystrix,Hystrix brachyura,,,,,,,,,,
Pteropus alecto,cellular organisms,Eukaryota,Boreoeutheria,Metazoa,Chordata,Craniata,Sarcopterygii,Mammalia,Laurasiatheria,Chiroptera,Yinpterochiroptera,,,Pteropodidae,Pteropus,Pteropus alecto,Pteropodinae,Pteropodoidea,,,,,,,,
Acerodon celebensis,cellular organisms,Eukaryota,Boreoeutheria,Metazoa,Chordata,Craniata,Sarcopterygii,Mammalia,Laurasiatheria,Chiroptera,Yinpterochiroptera,,,Pteropodidae,Acerodon,Acerodon celebensis,Pteropodinae,Pteropodoidea,,,,,,,,
Microtus agrestis,cellular organisms,Eukaryota,Muroidea,Metazoa,Chordata,Craniata,Sarcopterygii,Mammalia,Euarchontoglires,Rodentia,Myomorpha,,,Cricetidae,Microtus,Microtus agrestis,Arvicolinae,,,,,,,,,
Cricetomys gambianus,cellular organisms,Eukaryota,Muroidea,Metazoa,Chordata,Craniata,Sarcopterygii,Mammalia,Euarchontoglires,Rodentia,Myomorpha,,,Nesomyidae,Cricetomys,Cricetomys gambianus,Cricetomyinae,,,,,,,,,
Calidris ruficollis,cellular organisms,Eukaryota,Neoaves,Metazoa,Chordata,Craniata,Sarcopterygii,Aves,,Charadriiformes,,,,Scolopacidae,Calidris,Calidris ruficollis,,,Neognathae,,,,,,,
Malacorhynchus membranaceus,cellular organisms,Eukaryota,Coelurosauria,Metazoa,Chordata,Craniata,Sarcopterygii,Aves,Galloanserae,Anseriformes,,,,Anatidae,Malacorhynchus,Malacorhynchus membranaceus,Tadorninae,,Neognathae,,,,,,,
Taphozous perforatus,cellular organisms,Eukaryota,Boreoeutheria,Metazoa,Chordata,Craniata,Sarcopterygii,Mammalia,Laurasiatheria,Chiroptera,Yangochiroptera,,,Emballonuridae,Taphozous,Taphozous perforatus,Taphozoinae,,,,,,,,,
Ovibos moschatus,cellular organisms,Eukaryota,Boreoeutheria,Metazoa,Chordata,Craniata,Sarcopterygii,Mammalia,Laurasiatheria,Artiodactyla,Ruminantia,Pecora,,Bovidae,Ovibos,Ovibos moschatus,Caprinae,,,,,,,,,
Passeriformes,cellular organisms,Eukaryota,Australaves,Metazoa,Chordata,Craniata,Sarcopterygii,Aves,,Passeriformes,,,,,,,,,Neognathae,,,,,,,
Hipposideros turpis,cellular organisms,Eukaryota,Boreoeutheria,Metazoa,Chordata,Craniata,Sarcopterygii,Mammalia,Laurasiatheria,Chiroptera,Yinpterochiroptera,,,Hipposideridae,Hipposideros,Hipposideros turpis,,Rhinolophoidea,,,,,,,,
Sarcophilus harrisii,cellular organisms,Eukaryota,Metatheria,Metazoa,Chordata,Craniata,Sarcopterygii,Mammalia,,Dasyuromorphia,,,,Dasyuridae,Sarcophilus,Sarcophilus harrisii,,,,,,,,,,
Bos grunniens,cellular organisms,Eukaryota,Boreoeutheria,Metazoa,Chordata,Craniata,Sarcopterygii,Mammalia,Laurasiatheria,Artiodactyla,Ruminantia,Pecora,,Bovidae,Bos,Bos grunniens,Bovinae,,,,,,,,,
Hybomys univittatus,cellular organisms,Eukaryota,Muroidea,Metazoa,Chordata,Craniata,Sarcopterygii,Mammalia,Euarchontoglires,Rodentia,Myomorpha,,,Muridae,Hybomys,Hybomys univittatus,Murinae,,,,,,,,,
Phasianinae,cellular organisms,Eukaryota,Coelurosauria,Metazoa,Chordata,Craniata,Sarcopterygii,Aves,Galloanserae,Galliformes,,,,Phasianidae,,,Phasianinae,,Neognathae,,,,,,,
Pseudorhombus arsius,cellular organisms,Eukaryota,Carangaria,Metazoa,Chordata,Craniata,Actinopterygii,Actinopteri,,Pleuronectiformes,Pleuronectoidei,,,Paralichthyidae,Pseudorhombus,Pseudorhombus arsius,,,Teleostei,,,,Neopterygii,Euteleosteomorpha,,
Scorpaena jacksoniensis,cellular organisms,Eukaryota,Eupercaria,Metazoa,Chordata,Craniata,Actinopterygii,Actinopteri,,Perciformes,Scorpaenoidei,,,Scorpaenidae,Scorpaena,Scorpaena jacksoniensis,Scorpaeninae,,Teleostei,,,,Neopterygii,Euteleosteomorpha,,
Hyporhamphus australis,cellular organisms,Eukaryota,Ovalentaria,Metazoa,Chordata,Craniata,Actinopterygii,Actinopteri,Atherinomorphae,Beloniformes,Belonoidei,,,Hemiramphidae,Hyporhamphus,Hyporhamphus australis,,,Teleostei,,,,Neopterygii,Euteleosteomorpha,,
Recurvirostra novaehollandiae,cellular organisms,Eukaryota,Neoaves,Metazoa,Chordata,Craniata,Sarcopterygii,Aves,,Charadriiformes,,,,Recurvirostridae,Recurvirostra,Recurvirostra novaehollandiae,,,Neognathae,,,,,,,
Myotis petax,cellular organisms,Eukaryota,Boreoeutheria,Metazoa,Chordata,Craniata,Sarcopterygii,Mammalia,Laurasiatheria,Chiroptera,Yangochiroptera,,,Vespertilionidae,Myotis,Myotis petax,,,,,,,,,,
Mustela lutreola,cellular organisms,Eukaryota,Boreoeutheria,Metazoa,Chordata,Craniata,Sarcopterygii,Mammalia,Laurasiatheria,Carnivora,Caniformia,,,Mustelidae,Mustela,Mustela lutreola,Mustelinae,Musteloidea,,,,,,,,
Cerdocyon thous,cellular organisms,Eukaryota,Boreoeutheria,Metazoa,Chordata,Craniata,Sarcopterygii,Mammalia,Laurasiatheria,Carnivora,Caniformia,,,Canidae,Cerdocyon,Cerdocyon thous,,,,,,,,,,
Miniopterus mossambicus,cellular organisms,Eukaryota,Boreoeutheria,Metazoa,Chordata,Craniata,Sarcopterygii,Mammalia,Laurasiatheria,Chiroptera,Yangochiroptera,,,Miniopteridae,Miniopterus,Miniopterus mossambicus,,,,,,,,,,
Nycteris thebaica,cellular organisms,Eukaryota,Boreoeutheria,Metazoa,Chordata,Craniata,Sarcopterygii,Mammalia,Laurasiatheria,Chiroptera,Yangochiroptera,,,Nycteridae,Nycteris,Nycteris thebaica,,,,,,,,,,
Myotis emarginatus,cellular organisms,Eukaryota,Boreoeutheria,Metazoa,Chordata,Craniata,Sarcopterygii,Mammalia,Laurasiatheria,Chiroptera,Yangochiroptera,,,Vespertilionidae,Myotis,Myotis emarginatus,,,,,,,,,,
Myotis capaccinii,cellular organisms,Eukaryota,Boreoeutheria,Metazoa,Chordata,Craniata,Sarcopterygii,Mammalia,Laurasiatheria,Chiroptera,Yangochiroptera,,,Vespertilionidae,Myotis,Myotis capaccinii,,,,,,,,,,
Myotis myotis/blythii,cellular organisms,Eukaryota,Boreoeutheria,Metazoa,Chordata,Craniata,Sarcopterygii,Mammalia,Laurasiatheria,Chiroptera,Yangochiroptera,,,Vespertilionidae,Myotis,Myotis myotis/blythii,,,,,,,,,,
Barbastella barbastellus,cellular organisms,Eukaryota,Boreoeutheria,Metazoa,Chordata,Craniata,Sarcopterygii,Mammalia,Laurasiatheria,Chiroptera,Yangochiroptera,,,Vespertilionidae,Barbastella,Barbastella barbastellus,,,,,,,,,,
Eptesicus serotinus,cellular organisms,Eukaryota,Boreoeutheria,Metazoa,Chordata,Craniata,Sarcopterygii,Mammalia,Laurasiatheria,Chiroptera,Yangochiroptera,,,Vespertilionidae,Cnephaeus,Cnephaeus serotinus,,,,,,,,,,
Hyporhamphus sajori,cellular organisms,Eukaryota,Ovalentaria,Metazoa,Chordata,Craniata,Actinopterygii,Actinopteri,Atherinomorphae,Beloniformes,Belonoidei,,,Hemiramphidae,Hyporhamphus,Hyporhamphus sajori,,,Teleostei,,,,Neopterygii,Euteleosteomorpha,,
Banjos banjos,cellular organisms,Eukaryota,Eupercaria,Metazoa,Chordata,Craniata,Actinopterygii,Actinopteri,,Acropomatiformes,,,,Banjosidae,Banjos,Banjos banjos,,,Teleostei,,,,Neopterygii,Euteleosteomorpha,,
Cephalopholis spiloparaea,cellular organisms,Eukaryota,Eupercaria,Metazoa,Chordata,Craniata,Actinopterygii,Actinopteri,,Perciformes,Serranoidei,,,Serranidae,Cephalopholis,Cephalopholis spiloparaea,Epinephelinae,,Teleostei,Epinephelini,,,Neopterygii,Euteleosteomorpha,,
Lethenteron camtschaticum,cellular organisms,Eukaryota,Cyclostomata,Metazoa,Chordata,Craniata,,Hyperoartia,,Petromyzontiformes,,,,Petromyzontidae,Lethenteron,Lethenteron camtschaticum,,,,,,,,,,
Hemitrygon akajei,cellular organisms,Eukaryota,Gnathostomata,Metazoa,Chordata,Craniata,,Chondrichthyes,Batoidea,Myliobatiformes,,,,Dasyatidae,Hemitrygon,Hemitrygon akajei,,Dasyatoidea,,,,,Elasmobranchii,,,
Scoliodon macrorhynchos,cellular organisms,Eukaryota,Galeomorphii,Metazoa,Chordata,Craniata,,Chondrichthyes,Galeoidea,Carcharhiniformes,,,,Carcharhinidae,Scoliodon,Scoliodon macrorhynchos,,,Selachii,,,,Elasmobranchii,,,
Coelorinchus multispinulosus,cellular organisms,Eukaryota,Gadariae,Metazoa,Chordata,Craniata,Actinopterygii,Actinopteri,,Gadiformes,Macrouroidei,,,Macrouridae,Coelorinchus,Coelorinchus multispinulosus,Macrourinae,,Teleostei,,,,Neopterygii,Euteleosteomorpha,,
Macroramphosus scolopax,cellular organisms,Eukaryota,Syngnathiaria,Metazoa,Chordata,Craniata,Actinopterygii,Actinopteri,,Syngnathiformes,,,,Centriscidae,Macroramphosus,Macroramphosus scolopax,Macroramphosinae,,Teleostei,,,,Neopterygii,Euteleosteomorpha,,
Cynoglossus sp.,cellular organisms,Eukaryota,Carangaria,Metazoa,Chordata,Craniata,Actinopterygii,Actinopteri,,Pleuronectiformes,Pleuronectoidei,,,Cynoglossidae,Cynoglossus,Cynoglossus sp.,Cynoglossinae,,Teleostei,,,,Neopterygii,Euteleosteomorpha,,
Pleuronichthys japonicus,cellular organisms,Eukaryota,Carangaria,Metazoa,Chordata,Craniata,Actinopterygii,Actinopteri,,Pleuronectiformes,Pleuronectoidei,,,Pleuronectidae,Pleuronichthys,Pleuronichthys japonicus,,,Teleostei,,,,Neopterygii,Euteleosteomorpha,,
Hime japonica,cellular organisms,Eukaryota,Aulopa,Metazoa,Chordata,Craniata,Actinopterygii,Actinopteri,,Aulopiformes,Aulopoidei,,,Aulopidae,Hime,Hime japonica,,,Teleostei,,,,Neopterygii,Euteleosteomorpha,,
Lepidotrigla sp.,cellular organisms,Eukaryota,Eupercaria,Metazoa,Chordata,Craniata,Actinopterygii,Actinopteri,,Perciformes,Triglioidei,,,Triglidae,Lepidotrigla,Lepidotrigla sp.,,,Teleostei,,,,Neopterygii,Euteleosteomorpha,,
Pterygotrigla hemisticta,cellular organisms,Eukaryota,Eupercaria,Metazoa,Chordata,Craniata,Actinopterygii,Actinopteri,,Perciformes,Triglioidei,,,Triglidae,Pterygotrigla,Pterygotrigla hemisticta,,,Teleostei,,,,Neopterygii,Euteleosteomorpha,,
Myrrophis chinensis,cellular organisms,Eukaryota,Toxicofera,Metazoa,Chordata,Craniata,Sarcopterygii,Lepidosauria,,Squamata,,Serpentes,,Homalopsidae,Myrrophis,Myrrophis chinensis,,Colubroidea,,,,,,,,
Leptobrachium hainanense,cellular organisms,Eukaryota,Tetrapoda,Metazoa,Chordata,Craniata,Sarcopterygii,Amphibia,Batrachia,Anura,,,,Megophryidae,Leptobrachium,Leptobrachium hainanense,,Pelobatoidea,,,,,,,,
Teratoscincus roborowskii,cellular organisms,Eukaryota,Bifurcata,Metazoa,Chordata,Craniata,Sarcopterygii,Lepidosauria,,Squamata,,Gekkota,,Sphaerodactylidae,Teratoscincus,Teratoscincus roborowskii,,,,,,,,,,
Microhyla pulchra,cellular organisms,Eukaryota,Tetrapoda,Metazoa,Chordata,Craniata,Sarcopterygii,Amphibia,Batrachia,Anura,Neobatrachia,,,Microhylidae,Microhyla,Microhyla pulchra,Microhylinae,Microhyloidea,,,,,,,,
Duttaphrynus melanostictus,cellular organisms,Eukaryota,Tetrapoda,Metazoa,Chordata,Craniata,Sarcopterygii,Amphibia,Batrachia,Anura,Neobatrachia,,,Bufonidae,Duttaphrynus,Duttaphrynus melanostictus,,Hyloidea,,,,,,,,
Hyla simplex,cellular organisms,Eukaryota,Tetrapoda,Metazoa,Chordata,Craniata,Sarcopterygii,Amphibia,Batrachia,Anura,Neobatrachia,,,Hylidae,Hyla,Hyla simplex,Hylinae,Hyloidea,,Hylini,,,,,,
Sylvirana guentheri,cellular organisms,Eukaryota,Tetrapoda,Metazoa,Chordata,Craniata,Sarcopterygii,Amphibia,Batrachia,Anura,Neobatrachia,,,Ranidae,Sylvirana,Sylvirana guentheri,,Ranoidea,,,,,,,,
Pachytriton brevipes,cellular organisms,Eukaryota,Tetrapoda,Metazoa,Chordata,Craniata,Sarcopterygii,Amphibia,Batrachia,Caudata,,,,Salamandridae,Pachytriton,Pachytriton brevipes,Pleurodelinae,Salamandroidea,,,,,,,,
Cynops orientalis,cellular organisms,Eukaryota,Tetrapoda,Metazoa,Chordata,Craniata,Sarcopterygii,Amphibia,Batrachia,Caudata,,,,Salamandridae,Hypselotriton,Hypselotriton orientalis,Pleurodelinae,Salamandroidea,,,,,,,,
Gekko similignum,cellular organisms,Eukaryota,Bifurcata,Metazoa,Chordata,Craniata,Sarcopterygii,Lepidosauria,,Squamata,,Gekkota,,Gekkonidae,Gekko,Gekko similignum,Gekkoninae,,,,,,,,,
Hemidactylus bowringii,cellular organisms,Eukaryota,Bifurcata,Metazoa,Chordata,Craniata,Sarcopterygii,Lepidosauria,,Squamata,,Gekkota,,Gekkonidae,Hemidactylus,Hemidactylus bowringii,Gekkoninae,,,,,,,,,
Tropidophorus sinicus,cellular organisms,Eukaryota,Unidentata,Metazoa,Chordata,Craniata,Sarcopterygii,Lepidosauria,,Squamata,,Scinciformata,,Scincidae,Tropidophorus,Tropidophorus sinicus,Sphenomorphinae,,,,,,,,,
Gonorynchus abbreviatus,cellular organisms,Eukaryota,Anotophysi,Metazoa,Chordata,Craniata,Actinopterygii,Actinopteri,,Gonorynchiformes,Gonorynchoidei,,,Gonorynchidae,Gonorynchus,Gonorynchus abbreviatus,,,Teleostei,,,,Neopterygii,Otomorpha,,Ostariophysi
Plagiopsetta,cellular organisms,Eukaryota,Carangaria,Metazoa,Chordata,Craniata,Actinopterygii,Actinopteri,,Pleuronectiformes,Pleuronectoidei,,,Samaridae,Plagiopsetta,,,,Teleostei,,,,Neopterygii,Euteleosteomorpha,,
Crossorhombus sp.,,,,,,,,,,,,,,,,,,,,,,,,,,
Arnoglossus,cellular organisms,Eukaryota,Carangaria,Metazoa,Chordata,Craniata,Actinopterygii,Actinopteri,,Pleuronectiformes,Pleuronectoidei,,,Bothidae,Arnoglossus,,,,Teleostei,,,,Neopterygii,Euteleosteomorpha,,
Sardinella lemuru,cellular organisms,Eukaryota,Clupeocephala,Metazoa,Chordata,Craniata,Actinopterygii,Actinopteri,,Clupeiformes,Clupeoidei,,,Clupeidae,Sardinella,Sardinella lemuru,Clupeinae,,Teleostei,,,,Neopterygii,Otomorpha,,Clupei
Parapercis lutevittata,cellular organisms,Eukaryota,Eupercaria,Metazoa,Chordata,Craniata,Actinopterygii,Actinopteri,,Uranoscopiformes,,,,Pinguipedidae,Parapercis,Parapercis lutevittata,,,Teleostei,,,,Neopterygii,Euteleosteomorpha,,
Echelus uropterus,cellular organisms,Eukaryota,Elopomorpha,Metazoa,Chordata,Craniata,Actinopterygii,Actinopteri,,Anguilliformes,,,,Ophichthidae,Echelus,Echelus uropterus,Ophichthinae,,Teleostei,,,,Neopterygii,,,
Minous monodactylus,cellular organisms,Eukaryota,Eupercaria,Metazoa,Chordata,Craniata,Actinopterygii,Actinopteri,,Perciformes,Scorpaenoidei,,,Synanceiidae,Minous,Minous monodactylus,Minoinae,,Teleostei,,,,Neopterygii,Euteleosteomorpha,,
Polypedates megacephalus,cellular organisms,Eukaryota,Tetrapoda,Metazoa,Chordata,Craniata,Sarcopterygii,Amphibia,Batrachia,Anura,Neobatrachia,,,Rhacophoridae,Polypedates,Polypedates megacephalus,Rhacophorinae,Ranoidea,,,,,,,,
Calotes versicolor,cellular organisms,Eukaryota,Acrodonta,Metazoa,Chordata,Craniata,Sarcopterygii,Lepidosauria,,Squamata,Iguania,,,Agamidae,Calotes,Calotes versicolor,Draconinae,,,,,,,,,
Chimaera sp.,cellular organisms,Eukaryota,Gnathostomata,Metazoa,Chordata,Craniata,,Chondrichthyes,,Chimaeriformes,,,,Chimaeridae,Chimaera,Chimaera sp.,,,,,,,Holocephali,,,
Hemitriakis japanica,cellular organisms,Eukaryota,Galeomorphii,Metazoa,Chordata,Craniata,,Chondrichthyes,Galeoidea,Carcharhiniformes,,,,Triakidae,Hemitriakis,Hemitriakis japanica,,,Selachii,,,,Elasmobranchii,,,
Rhinolophus lepidus,cellular organisms,Eukaryota,Boreoeutheria,Metazoa,Chordata,Craniata,Sarcopterygii,Mammalia,Laurasiatheria,Chiroptera,Yinpterochiroptera,,,Rhinolophidae,Rhinolophus,Rhinolophus lepidus,Rhinolophinae,Rhinolophoidea,,,,,,,,
Anous tenuirostris,cellular organisms,Eukaryota,Neoaves,Metazoa,Chordata,Craniata,Sarcopterygii,Aves,,Charadriiformes,,,,Laridae,Anous,Anous tenuirostris,,,Neognathae,,,,,,,
Sorex araneus,cellular organisms,Eukaryota,Boreoeutheria,Metazoa,Chordata,Craniata,Sarcopterygii,Mammalia,Laurasiatheria,Eulipotyphla,,,,Soricidae,Sorex,Sorex araneus,Soricinae,,,,,,,,,
Meriones meridianus,cellular organisms,Eukaryota,Muroidea,Metazoa,Chordata,Craniata,Sarcopterygii,Mammalia,Euarchontoglires,Rodentia,Myomorpha,,,Muridae,Meriones,Meriones meridianus,Gerbillinae,,,,,,,,,
Lasiopodomys gregalis,cellular organisms,Eukaryota,Muroidea,Metazoa,Chordata,Craniata,Sarcopterygii,Mammalia,Euarchontoglires,Rodentia,Myomorpha,,,Cricetidae,Stenocranius,Stenocranius gregalis,,,,,,,,,,
Apodemus chevrieri,cellular organisms,Eukaryota,Muroidea,Metazoa,Chordata,Craniata,Sarcopterygii,Mammalia,Euarchontoglires,Rodentia,Myomorpha,,,Muridae,Apodemus,Apodemus chevrieri,Murinae,,,,,,,,,
Eothenomys custos,cellular organisms,Eukaryota,Muroidea,Metazoa,Chordata,Craniata,Sarcopterygii,Mammalia,Euarchontoglires,Rodentia,Myomorpha,,,Cricetidae,Anteliomys,Anteliomys custos,,,,,,,,,,
Rattus tanezumi sladeni,cellular organisms,Eukaryota,Muroidea,Metazoa,Chordata,Craniata,Sarcopterygii,Mammalia,Euarchontoglires,Rodentia,Myomorpha,,,Muridae,Rattus,Rattus tanezumi,Murinae,,,,,Rattus tanezumi sladeni,,,,
Cricetulus barabensis,cellular organisms,Eukaryota,Muroidea,Metazoa,Chordata,Craniata,Sarcopterygii,Mammalia,Euarchontoglires,Rodentia,Myomorpha,,,Cricetidae,Cricetulus,Cricetulus barabensis,Cricetinae,,,,,,,,,
Myodes rufocanus,cellular organisms,Eukaryota,Muroidea,Metazoa,Chordata,Craniata,Sarcopterygii,Mammalia,Euarchontoglires,Rodentia,Myomorpha,,,Cricetidae,Myodes,Myodes rufocanus,Arvicolinae,,,,,,,,,
Apodemus peninsulae,cellular organisms,Eukaryota,Muroidea,Metazoa,Chordata,Craniata,Sarcopterygii,Mammalia,Euarchontoglires,Rodentia,Myomorpha,,,Muridae,Apodemus,Apodemus peninsulae,Murinae,,,,,,,,,
Neodon clarkei,cellular organisms,Eukaryota,Muroidea,Metazoa,Chordata,Craniata,Sarcopterygii,Mammalia,Euarchontoglires,Rodentia,Myomorpha,,,Cricetidae,Neodon,Neodon clarkei,Arvicolinae,,,,,,,,,
Microtus fortis,cellular organisms,Eukaryota,Muroidea,Metazoa,Chordata,Craniata,Sarcopterygii,Mammalia,Euarchontoglires,Rodentia,Myomorpha,,,Cricetidae,Alexandromys,Alexandromys fortis,Arvicolinae,,,,,,,,,
Bandicota indica,cellular organisms,Eukaryota,Muroidea,Metazoa,Chordata,Craniata,Sarcopterygii,Mammalia,Euarchontoglires,Rodentia,Myomorpha,,,Muridae,Bandicota,Bandicota indica,Murinae,,,,,,,,,
Tscherskia triton,cellular organisms,Eukaryota,Muroidea,Metazoa,Chordata,Craniata,Sarcopterygii,Mammalia,Euarchontoglires,Rodentia,Myomorpha,,,Cricetidae,Tscherskia,Tscherskia triton,Cricetinae,,,,,,,,,
Rattus andamanensis,cellular organisms,Eukaryota,Muroidea,Metazoa,Chordata,Craniata,Sarcopterygii,Mammalia,Euarchontoglires,Rodentia,Myomorpha,,,Muridae,Rattus,Rattus andamanensis,Murinae,,,,,,,,,
Gorilla gorilla gorilla,cellular organisms,Eukaryota,Boreoeutheria,Metazoa,Chordata,Craniata,Sarcopterygii,Mammalia,Euarchontoglires,Primates,Haplorrhini,Simiiformes,Catarrhini,Hominidae,Gorilla,Gorilla gorilla,Homininae,Hominoidea,,,,Gorilla gorilla gorilla,,,,
Miniopterus griveaudi,cellular organisms,Eukaryota,Boreoeutheria,Metazoa,Chordata,Craniata,Sarcopterygii,Mammalia,Laurasiatheria,Chiroptera,Yangochiroptera,,,Miniopteridae,Miniopterus,Miniopterus griveaudi,,,,,,,,,,
Myotis goudoti,cellular organisms,Eukaryota,Boreoeutheria,Metazoa,Chordata,Craniata,Sarcopterygii,Mammalia,Laurasiatheria,Chiroptera,Yangochiroptera,,,Vespertilionidae,Myotis,Myotis goudotii,,,,,,,,,,
Paratriaenops furculus,cellular organisms,Eukaryota,Boreoeutheria,Metazoa,Chordata,Craniata,Sarcopterygii,Mammalia,Laurasiatheria,Chiroptera,Yinpterochiroptera,,,Rhinonycteridae,Paratriaenops,Paratriaenops furcula,,Rhinolophoidea,,,,,,,,
Leopoldamys sabanus,cellular organisms,Eukaryota,Muroidea,Metazoa,Chordata,Craniata,Sarcopterygii,Mammalia,Euarchontoglires,Rodentia,Myomorpha,,,Muridae,Leopoldamys,Leopoldamys sabanus,Murinae,,,,,,,,,
Rousettus sp.,cellular organisms,Eukaryota,Boreoeutheria,Metazoa,Chordata,Craniata,Sarcopterygii,Mammalia,Laurasiatheria,Chiroptera,Yinpterochiroptera,,,Pteropodidae,Rousettus,Rousettus sp.,Rousettinae,Pteropodoidea,,,,,,,,
Hylopetes,cellular organisms,Eukaryota,Glires,Metazoa,Chordata,Craniata,Sarcopterygii,Mammalia,Euarchontoglires,Rodentia,Sciuromorpha,,,Sciuridae,Hylopetes,,Sciurinae,,,Pteromyini,,,,,,
Scotophilus,cellular organisms,Eukaryota,Boreoeutheria,Metazoa,Chordata,Craniata,Sarcopterygii,Mammalia,Laurasiatheria,Chiroptera,Yangochiroptera,,,Vespertilionidae,Scotophilus,,,,,,,,,,,
Rattus argentiventer,cellular organisms,Eukaryota,Muroidea,Metazoa,Chordata,Craniata,Sarcopterygii,Mammalia,Euarchontoglires,Rodentia,Myomorpha,,,Muridae,Rattus,Rattus argentiventer,Murinae,,,,,,,,,
Rattus sp.,cellular organisms,Eukaryota,Muroidea,Metazoa,Chordata,Craniata,Sarcopterygii,Mammalia,Euarchontoglires,Rodentia,Myomorpha,,,Muridae,Rattus,Rattus sp.,Murinae,,,,,,,,,
Megaderma lyra,cellular organisms,Eukaryota,Boreoeutheria,Metazoa,Chordata,Craniata,Sarcopterygii,Mammalia,Laurasiatheria,Chiroptera,Yinpterochiroptera,,,Megadermatidae,Lyroderma,Lyroderma lyra,,Rhinolophoidea,,,,,,,,
Macaca leonina,cellular organisms,Eukaryota,Boreoeutheria,Metazoa,Chordata,Craniata,Sarcopterygii,Mammalia,Euarchontoglires,Primates,Haplorrhini,Simiiformes,Catarrhini,Cercopithecidae,Macaca,Macaca leonina,Cercopithecinae,Cercopithecoidea,,,,,,,,
Macronycteris gigas,cellular organisms,Eukaryota,Boreoeutheria,Metazoa,Chordata,Craniata,Sarcopterygii,Mammalia,Laurasiatheria,Chiroptera,Yinpterochiroptera,,,Hipposideridae,Macronycteris,Macronycteris gigas,,Rhinolophoidea,,,,,,,,
Eptesicus serotinus serotinus,cellular organisms,Eukaryota,Boreoeutheria,Metazoa,Chordata,Craniata,Sarcopterygii,Mammalia,Laurasiatheria,Chiroptera,Yangochiroptera,,,Vespertilionidae,Cnephaeus,Cnephaeus serotinus,,,,,,Cnephaues serotinus serotinus,,,,
Eptesicus serotinus andersoni,cellular organisms,Eukaryota,Boreoeutheria,Metazoa,Chordata,Craniata,Sarcopterygii,Mammalia,Laurasiatheria,Chiroptera,Yangochiroptera,,,Vespertilionidae,Cnephaeus,Cnephaeus serotinus,,,,,,Cnephaeus serotinus andersoni,,,,
Myotis pequinius,cellular organisms,Eukaryota,Boreoeutheria,Metazoa,Chordata,Craniata,Sarcopterygii,Mammalia,Laurasiatheria,Chiroptera,Yangochiroptera,,,Vespertilionidae,Myotis,Myotis pequinius,,,,,,,,,,
Myotis longipes,cellular organisms,Eukaryota,Boreoeutheria,Metazoa,Chordata,Craniata,Sarcopterygii,Mammalia,Laurasiatheria,Chiroptera,Yangochiroptera,,,Vespertilionidae,Myotis,Myotis longipes,,,,,,,,,,
Hypothymis azurea,cellular organisms,Eukaryota,Australaves,Metazoa,Chordata,Craniata,Sarcopterygii,Aves,,Passeriformes,,,,Monarchidae,Hypothymis,Hypothymis azurea,,Corvoidea,Neognathae,,,,,,,
Megaerops kusnotoi,cellular organisms,Eukaryota,Boreoeutheria,Metazoa,Chordata,Craniata,Sarcopterygii,Mammalia,Laurasiatheria,Chiroptera,Yinpterochiroptera,,,Pteropodidae,Megaerops,Megaerops kusnotoi,Cynopterinae,Pteropodoidea,,,,,,,,
Myotis bechsteinii,cellular organisms,Eukaryota,Boreoeutheria,Metazoa,Chordata,Craniata,Sarcopterygii,Mammalia,Laurasiatheria,Chiroptera,Yangochiroptera,,,Vespertilionidae,Myotis,Myotis bechsteinii,,,,,,,,,,
Myotis nattereri,cellular organisms,Eukaryota,Boreoeutheria,Metazoa,Chordata,Craniata,Sarcopterygii,Mammalia,Laurasiatheria,Chiroptera,Yangochiroptera,,,Vespertilionidae,Myotis,Myotis nattereri,,,,,,,,,,
Trachypithecus pileatus,cellular organisms,Eukaryota,Boreoeutheria,Metazoa,Chordata,Craniata,Sarcopterygii,Mammalia,Euarchontoglires,Primates,Haplorrhini,Simiiformes,Catarrhini,Cercopithecidae,Trachypithecus,Trachypithecus pileatus,Colobinae,Cercopithecoidea,,,,,,,,
Papio hamadryas,cellular organisms,Eukaryota,Boreoeutheria,Metazoa,Chordata,Craniata,Sarcopterygii,Mammalia,Euarchontoglires,Primates,Haplorrhini,Simiiformes,Catarrhini,Cercopithecidae,Papio,Papio hamadryas,Cercopithecinae,Cercopithecoidea,,,,,,,,
Chlorocebus pygerythrus,cellular organisms,Eukaryota,Boreoeutheria,Metazoa,Chordata,Craniata,Sarcopterygii,Mammalia,Euarchontoglires,Primates,Haplorrhini,Simiiformes,Catarrhini,Cercopithecidae,Chlorocebus,Chlorocebus pygerythrus,Cercopithecinae,Cercopithecoidea,,,,,,,,
Papio anubis,cellular organisms,Eukaryota,Boreoeutheria,Metazoa,Chordata,Craniata,Sarcopterygii,Mammalia,Euarchontoglires,Primates,Haplorrhini,Simiiformes,Catarrhini,Cercopithecidae,Papio,Papio anubis,Cercopithecinae,Cercopithecoidea,,,,,,,,
Semnopithecus entellus,cellular organisms,Eukaryota,Boreoeutheria,Metazoa,Chordata,Craniata,Sarcopterygii,Mammalia,Euarchontoglires,Primates,Haplorrhini,Simiiformes,Catarrhini,Cercopithecidae,Semnopithecus,Semnopithecus entellus,Colobinae,Cercopithecoidea,,,,,,,,
Hylobatidae,cellular organisms,Eukaryota,Boreoeutheria,Metazoa,Chordata,Craniata,Sarcopterygii,Mammalia,Euarchontoglires,Primates,Haplorrhini,Simiiformes,Catarrhini,Hylobatidae,,,,Hominoidea,,,,,,,,
Hoolock hoolock,cellular organisms,Eukaryota,Boreoeutheria,Metazoa,Chordata,Craniata,Sarcopterygii,Mammalia,Euarchontoglires,Primates,Haplorrhini,Simiiformes,Catarrhini,Hylobatidae,Hoolock,Hoolock hoolock,,Hominoidea,,,,,,,,
Myotis mystacinus,cellular organisms,Eukaryota,Boreoeutheria,Metazoa,Chordata,Craniata,Sarcopterygii,Mammalia,Laurasiatheria,Chiroptera,Yangochiroptera,,,Vespertilionidae,Myotis,Myotis mystacinus,,,,,,,,,,
Rhinolophus hipposideros,cellular organisms,Eukaryota,Boreoeutheria,Metazoa,Chordata,Craniata,Sarcopterygii,Mammalia,Laurasiatheria,Chiroptera,Yinpterochiroptera,,,Rhinolophidae,Rhinolophus,Rhinolophus hipposideros,Rhinolophinae,Rhinolophoidea,,,,,,,,
Pipistrellus nathusii,cellular organisms,Eukaryota,Boreoeutheria,Metazoa,Chordata,Craniata,Sarcopterygii,Mammalia,Laurasiatheria,Chiroptera,Yangochiroptera,,,Vespertilionidae,Pipistrellus,Pipistrellus nathusii,,,,,,,,,,
Pygoscelis adeliae,cellular organisms,Eukaryota,Aequornithes,Metazoa,Chordata,Craniata,Sarcopterygii,Aves,,Sphenisciformes,,,,Spheniscidae,Pygoscelis,Pygoscelis adeliae,,,Neognathae,,,,,,,
Volemys millicens,cellular organisms,Eukaryota,Muroidea,Metazoa,Chordata,Craniata,Sarcopterygii,Mammalia,Euarchontoglires,Rodentia,Myomorpha,,,Cricetidae,Volemys,Volemys millicens,Arvicolinae,,,,,,,,,
Episoriculus leucops,cellular organisms,Eukaryota,Boreoeutheria,Metazoa,Chordata,Craniata,Sarcopterygii,Mammalia,Laurasiatheria,Eulipotyphla,,,,Soricidae,Episoriculus,Episoriculus leucops,Soricinae,,,,,,,,,
Pipistrellus pygmaeus,cellular organisms,Eukaryota,Boreoeutheria,Metazoa,Chordata,Craniata,Sarcopterygii,Mammalia,Laurasiatheria,Chiroptera,Yangochiroptera,,,Vespertilionidae,Pipistrellus,Pipistrellus pygmaeus,,,,,,,,,,
Hipposideros cineraceus,cellular organisms,Eukaryota,Boreoeutheria,Metazoa,Chordata,Craniata,Sarcopterygii,Mammalia,Laurasiatheria,Chiroptera,Yinpterochiroptera,,,Hipposideridae,Hipposideros,Hipposideros cineraceus,,Rhinolophoidea,,,,,,,,
Numida meleagris,cellular organisms,Eukaryota,Coelurosauria,Metazoa,Chordata,Craniata,Sarcopterygii,Aves,Galloanserae,Galliformes,,,,Numididae,Numida,Numida meleagris,,,Neognathae,,,,,,,
Ardeola,cellular organisms,Eukaryota,Aequornithes,Metazoa,Chordata,Craniata,Sarcopterygii,Aves,,Pelecaniformes,,,,Ardeidae,Ardeola,,,,Neognathae,,,,,,,
Dendrocygna javanica,cellular organisms,Eukaryota,Coelurosauria,Metazoa,Chordata,Craniata,Sarcopterygii,Aves,Galloanserae,Anseriformes,,,,Anatidae,Dendrocygna,Dendrocygna javanica,Dendrocygninae,,Neognathae,,,,,,,
Mareca penelope,cellular organisms,Eukaryota,Coelurosauria,Metazoa,Chordata,Craniata,Sarcopterygii,Aves,Galloanserae,Anseriformes,,,,Anatidae,Mareca,Mareca penelope,Anatinae,,Neognathae,,,,,,,
Platalea minor,cellular organisms,Eukaryota,Aequornithes,Metazoa,Chordata,Craniata,Sarcopterygii,Aves,,Pelecaniformes,,,,Threskiornithidae,Platalea,Platalea minor,,,Neognathae,,,,,,,
Tringa nebularia,cellular organisms,Eukaryota,Neoaves,Metazoa,Chordata,Craniata,Sarcopterygii,Aves,,Charadriiformes,,,,Scolopacidae,Tringa,Tringa nebularia,,,Neognathae,,,,,,,
Apodemus flavicollis,cellular organisms,Eukaryota,Muroidea,Metazoa,Chordata,Craniata,Sarcopterygii,Mammalia,Euarchontoglires,Rodentia,Myomorpha,,,Muridae,Apodemus,Apodemus flavicollis,Murinae,,,,,,,,Sylvaemus group,
Numididae,cellular organisms,Eukaryota,Coelurosauria,Metazoa,Chordata,Craniata,Sarcopterygii,Aves,Galloanserae,Galliformes,,,,Numididae,,,,,Neognathae,,,,,,,
Myotis myotis,cellular organisms,Eukaryota,Boreoeutheria,Metazoa,Chordata,Craniata,Sarcopterygii,Mammalia,Laurasiatheria,Chiroptera,Yangochiroptera,,,Vespertilionidae,Myotis,Myotis myotis,,,,,,,,,,
Orcinus orca,cellular organisms,Eukaryota,Boreoeutheria,Metazoa,Chordata,Craniata,Sarcopterygii,Mammalia,Laurasiatheria,Artiodactyla,Whippomorpha,Cetacea,Odontoceti,Delphinidae,Orcinus,Orcinus orca,,,,,,,,,,
Balaenoptera acutorostrata,cellular organisms,Eukaryota,Boreoeutheria,Metazoa,Chordata,Craniata,Sarcopterygii,Mammalia,Laurasiatheria,Artiodactyla,Whippomorpha,Cetacea,Mysticeti,Balaenopteridae,Balaenoptera,Balaenoptera acutorostrata,,,,,,,,,,
Eumetopias jubatus,cellular organisms,Eukaryota,Pinnipedia,Metazoa,Chordata,Craniata,Sarcopterygii,Mammalia,Laurasiatheria,Carnivora,Caniformia,,,Otariidae,Eumetopias,Eumetopias jubatus,,,,,,,,,,
Rhinolophus rouxii,cellular organisms,Eukaryota,Boreoeutheria,Metazoa,Chordata,Craniata,Sarcopterygii,Mammalia,Laurasiatheria,Chiroptera,Yinpterochiroptera,,,Rhinolophidae,Rhinolophus,Rhinolophus rouxii,Rhinolophinae,Rhinolophoidea,,,,,,,,
Acinonyx jubatus,cellular organisms,Eukaryota,Boreoeutheria,Metazoa,Chordata,Craniata,Sarcopterygii,Mammalia,Laurasiatheria,Carnivora,Feliformia,,,Felidae,Acinonyx,Acinonyx jubatus,Felinae,,,,,,,,,
